Title,Company,Location
Senior Python Developer,"Payne, Roberts and Davis","Stewartbury, AA"
Senior Python Developer,"Payne, Roberts and Davis","Stewartbury, AA"
Senior Python Developer,"Payne, Roberts and Davis","Stewartbury, AA"
Energy engineer,Vasquez-Davidson,"Christopherville, AA"
Energy engineer,Vasquez-Davidson,"Christopherville, AA"
Energy engineer,Vasquez-Davidson,"Christopherville, AA"
Energy engineer,Vasquez-Davidson,"Christopherville, AA"
Energy engineer,Vasquez-Davidson,"Christopherville, AA"
Legal executive,"Jackson, Chambers and Levy","Port Ericaburgh, AA"
Fitness centre manager,Savage-Bradley,"East Seanview, AP"
Product manager,Ramirez Inc,"North Jamieview, AP"
Medical technical officer,Rogers-Yates,"Davidville, AP"
Medical technical officer,Rogers-Yates,"Davidville, AP"
Medical technical officer,Rogers-Yates,"Davidville, AP"
Medical technical officer,Rogers-Yates,"Davidville, AP"
Medical technical officer,Rogers-Yates,"Davidville, AP"
Physiological scientist,Kramer-Klein,"South Christopher, AE"
Physiological scientist,Kramer-Klein,"South Christopher, AE"
Physiological scientist,Kramer-Klein,"South Christopher, AE"
Textile designer,Meyers-Johnson,"Port Jonathan, AE"
Textile designer,Meyers-Johnson,"Port Jonathan, AE"
Textile designer,Meyers-Johnson,"Port Jonathan, AE"
Textile designer,Meyers-Johnson,"Port Jonathan, AE"
Textile designer,Meyers-Johnson,"Port Jonathan, AE"
Television floor manager,Hughes-Williams,"Osbornetown, AE"
Television floor manager,Hughes-Williams,"Osbornetown, AE"
Television floor manager,Hughes-Williams,"Osbornetown, AE"
Waste management officer,"Jones, Williams and Villa","Scotttown, AP"
Waste management officer,"Jones, Williams and Villa","Scotttown, AP"
Software Engineer (Python),Garcia PLC,"Ericberg, AE"
Software Engineer (Python),Garcia PLC,"Ericberg, AE"
Software Engineer (Python),Garcia PLC,"Ericberg, AE"
Software Engineer (Python),Garcia PLC,"Ericberg, AE"
Interpreter,Gregory and Sons,"Ramireztown, AE"
Interpreter,Gregory and Sons,"Ramireztown, AE"
Interpreter,Gregory and Sons,"Ramireztown, AE"
Interpreter,Gregory and Sons,"Ramireztown, AE"
Architect,"Clark, Garcia and Sosa","Figueroaview, AA"
Meteorologist,Bush PLC,"Kelseystad, AA"
Meteorologist,Bush PLC,"Kelseystad, AA"
Meteorologist,Bush PLC,"Kelseystad, AA"
Meteorologist,Bush PLC,"Kelseystad, AA"
Audiological scientist,Salazar-Meyers,"Williamsburgh, AE"
Audiological scientist,Salazar-Meyers,"Williamsburgh, AE"
Audiological scientist,Salazar-Meyers,"Williamsburgh, AE"
Audiological scientist,Salazar-Meyers,"Williamsburgh, AE"
English as a second language teacher,"Parker, Murphy and Brooks","Mitchellburgh, AE"
English as a second language teacher,"Parker, Murphy and Brooks","Mitchellburgh, AE"
English as a second language teacher,"Parker, Murphy and Brooks","Mitchellburgh, AE"
English as a second language teacher,"Parker, Murphy and Brooks","Mitchellburgh, AE"
Surgeon,Cruz-Brown,"West Jessicabury, AA"
Surgeon,Cruz-Brown,"West Jessicabury, AA"
Surgeon,Cruz-Brown,"West Jessicabury, AA"
Equities trader,Macdonald-Ferguson,"Maloneshire, AE"
Equities trader,Macdonald-Ferguson,"Maloneshire, AE"
Equities trader,Macdonald-Ferguson,"Maloneshire, AE"
Equities trader,Macdonald-Ferguson,"Maloneshire, AE"
Newspaper journalist,"Williams, Peterson and Rojas","Johnsonton, AA"
Newspaper journalist,"Williams, Peterson and Rojas","Johnsonton, AA"
Newspaper journalist,"Williams, Peterson and Rojas","Johnsonton, AA"
Materials engineer,Smith and Sons,"South Davidtown, AP"
Python Programmer (Entry-Level),"Moss, Duncan and Allen","Port Sara, AE"
Python Programmer (Entry-Level),"Moss, Duncan and Allen","Port Sara, AE"
Python Programmer (Entry-Level),"Moss, Duncan and Allen","Port Sara, AE"
Python Programmer (Entry-Level),"Moss, Duncan and Allen","Port Sara, AE"
Product/process development scientist,Gomez-Carroll,"Marktown, AA"
Product/process development scientist,Gomez-Carroll,"Marktown, AA"
Product/process development scientist,Gomez-Carroll,"Marktown, AA"
Product/process development scientist,Gomez-Carroll,"Marktown, AA"
Product/process development scientist,Gomez-Carroll,"Marktown, AA"
"Scientist, research (maths)","Manning, Welch and Herring","Laurenland, AE"
"Scientist, research (maths)","Manning, Welch and Herring","Laurenland, AE"
"Scientist, research (maths)","Manning, Welch and Herring","Laurenland, AE"
"Scientist, research (maths)","Manning, Welch and Herring","Laurenland, AE"
"Scientist, research (maths)","Manning, Welch and Herring","Laurenland, AE"
Ecologist,"Lee, Gutierrez and Brown","Lauraton, AP"
Ecologist,"Lee, Gutierrez and Brown","Lauraton, AP"
Ecologist,"Lee, Gutierrez and Brown","Lauraton, AP"
Ecologist,"Lee, Gutierrez and Brown","Lauraton, AP"
Ecologist,"Lee, Gutierrez and Brown","Lauraton, AP"
Materials engineer,"Davis, Serrano and Cook","South Tammyberg, AP"
Materials engineer,"Davis, Serrano and Cook","South Tammyberg, AP"
Materials engineer,"Davis, Serrano and Cook","South Tammyberg, AP"
Historic buildings inspector/conservation officer,Smith LLC,"North Brandonville, AP"
Historic buildings inspector/conservation officer,Smith LLC,"North Brandonville, AP"
Data scientist,Thomas Group,"Port Robertfurt, AA"
Psychiatrist,Silva-King,"Burnettbury, AE"
Psychiatrist,Silva-King,"Burnettbury, AE"
Psychiatrist,Silva-King,"Burnettbury, AE"
Structural engineer,Pierce-Long,"Herbertside, AA"
Structural engineer,Pierce-Long,"Herbertside, AA"
Structural engineer,Pierce-Long,"Herbertside, AA"
Immigration officer,Walker-Simpson,"Christopherport, AP"
Immigration officer,Walker-Simpson,"Christopherport, AP"
Immigration officer,Walker-Simpson,"Christopherport, AP"
Python Programmer (Entry-Level),Cooper and Sons,"West Victor, AE"
Python Programmer (Entry-Level),Cooper and Sons,"West Victor, AE"
Python Programmer (Entry-Level),Cooper and Sons,"West Victor, AE"
Python Programmer (Entry-Level),Cooper and Sons,"West Victor, AE"
Python Programmer (Entry-Level),Cooper and Sons,"West Victor, AE"
Neurosurgeon,"Donovan, Gonzalez and Figueroa","Port Aaron, AP"
Neurosurgeon,"Donovan, Gonzalez and Figueroa","Port Aaron, AP"
Neurosurgeon,"Donovan, Gonzalez and Figueroa","Port Aaron, AP"
Neurosurgeon,"Donovan, Gonzalez and Figueroa","Port Aaron, AP"
Broadcast engineer,"Morgan, Butler and Bennett","Loribury, AA"
Broadcast engineer,"Morgan, Butler and Bennett","Loribury, AA"
Make,Snyder-Lee,"Angelastad, AP"
Make,Snyder-Lee,"Angelastad, AP"
Make,Snyder-Lee,"Angelastad, AP"
Make,Snyder-Lee,"Angelastad, AP"
"Nurse, adult",Harris PLC,"Larrytown, AE"
"Nurse, adult",Harris PLC,"Larrytown, AE"
"Nurse, adult",Harris PLC,"Larrytown, AE"
Air broker,Washington PLC,"West Colin, AP"
Air broker,Washington PLC,"West Colin, AP"
"Editor, film/video","Brown, Price and Campbell","West Stephanie, AP"
"Editor, film/video","Brown, Price and Campbell","West Stephanie, AP"
"Editor, film/video","Brown, Price and Campbell","West Stephanie, AP"
"Editor, film/video","Brown, Price and Campbell","West Stephanie, AP"
"Production assistant, radio",Mcgee PLC,"Laurentown, AP"
"Engineer, communications",Dixon Inc,"Wrightberg, AP"
"Engineer, communications",Dixon Inc,"Wrightberg, AP"
"Engineer, communications",Dixon Inc,"Wrightberg, AP"
"Engineer, communications",Dixon Inc,"Wrightberg, AP"
Sales executive,"Thompson, Sheppard and Ward","Alberttown, AE"
Sales executive,"Thompson, Sheppard and Ward","Alberttown, AE"
Sales executive,"Thompson, Sheppard and Ward","Alberttown, AE"
Sales executive,"Thompson, Sheppard and Ward","Alberttown, AE"
Sales executive,"Thompson, Sheppard and Ward","Alberttown, AE"
Software Developer (Python),Adams-Brewer,"Brockburgh, AE"
Software Developer (Python),Adams-Brewer,"Brockburgh, AE"
Software Developer (Python),Adams-Brewer,"Brockburgh, AE"
Futures trader,Schneider-Brady,"North Jason, AE"
Futures trader,Schneider-Brady,"North Jason, AE"
Futures trader,Schneider-Brady,"North Jason, AE"
Futures trader,Schneider-Brady,"North Jason, AE"
Futures trader,Schneider-Brady,"North Jason, AE"
Tour manager,Gonzales-Frank,"Arnoldhaven, AE"
Tour manager,Gonzales-Frank,"Arnoldhaven, AE"
Tour manager,Gonzales-Frank,"Arnoldhaven, AE"
Tour manager,Gonzales-Frank,"Arnoldhaven, AE"
Tour manager,Gonzales-Frank,"Arnoldhaven, AE"
Cytogeneticist,Smith-Wong,"Lake Destiny, AP"
Cytogeneticist,Smith-Wong,"Lake Destiny, AP"
Cytogeneticist,Smith-Wong,"Lake Destiny, AP"
Cytogeneticist,Smith-Wong,"Lake Destiny, AP"
"Designer, multimedia",Pierce-Herrera,"South Timothyburgh, AP"
"Designer, multimedia",Pierce-Herrera,"South Timothyburgh, AP"
"Designer, multimedia",Pierce-Herrera,"South Timothyburgh, AP"
Trade union research officer,"Aguilar, Rivera and Quinn","New Jimmyton, AE"
Trade union research officer,"Aguilar, Rivera and Quinn","New Jimmyton, AE"
Trade union research officer,"Aguilar, Rivera and Quinn","New Jimmyton, AE"
Trade union research officer,"Aguilar, Rivera and Quinn","New Jimmyton, AE"
"Chemist, analytical","Lowe, Barnes and Thomas","New Lucasbury, AP"
"Programmer, multimedia","Lewis, Gonzalez and Vasquez","Port Cory, AE"
"Programmer, multimedia","Lewis, Gonzalez and Vasquez","Port Cory, AE"
"Programmer, multimedia","Lewis, Gonzalez and Vasquez","Port Cory, AE"
"Engineer, broadcasting (operations)",Taylor PLC,"Gileston, AA"
"Engineer, broadcasting (operations)",Taylor PLC,"Gileston, AA"
"Engineer, broadcasting (operations)",Taylor PLC,"Gileston, AA"
"Engineer, broadcasting (operations)",Taylor PLC,"Gileston, AA"
"Teacher, primary school","Oliver, Jones and Ramirez","Cindyshire, AA"
"Teacher, primary school","Oliver, Jones and Ramirez","Cindyshire, AA"
Python Developer,Rivera and Sons,"East Michaelfort, AA"
Python Developer,Rivera and Sons,"East Michaelfort, AA"
Python Developer,Rivera and Sons,"East Michaelfort, AA"
Manufacturing systems engineer,Garcia PLC,"Joybury, AE"
Manufacturing systems engineer,Garcia PLC,"Joybury, AE"
"Producer, television/film/video","Johnson, Wells and Kramer","Emmatown, AE"
"Producer, television/film/video","Johnson, Wells and Kramer","Emmatown, AE"
"Scientist, forensic",Gonzalez LLC,"Colehaven, AP"
"Scientist, forensic",Gonzalez LLC,"Colehaven, AP"
"Scientist, forensic",Gonzalez LLC,"Colehaven, AP"
"Scientist, forensic",Gonzalez LLC,"Colehaven, AP"
Bonds trader,"Morgan, White and Macdonald","Port Coryton, AE"
Editorial assistant,Robinson-Fitzpatrick,"Amyborough, AA"
Editorial assistant,Robinson-Fitzpatrick,"Amyborough, AA"
Editorial assistant,Robinson-Fitzpatrick,"Amyborough, AA"
Editorial assistant,Robinson-Fitzpatrick,"Amyborough, AA"
Editorial assistant,Robinson-Fitzpatrick,"Amyborough, AA"
Photographer,"Waters, Wilson and Hoover","Reynoldsville, AA"
Retail banker,Hill LLC,"Port Billy, AP"
Retail banker,Hill LLC,"Port Billy, AP"
Retail banker,Hill LLC,"Port Billy, AP"
Retail banker,Hill LLC,"Port Billy, AP"
Retail banker,Hill LLC,"Port Billy, AP"
Jewellery designer,Li-Gregory,"Adamburgh, AA"
Jewellery designer,Li-Gregory,"Adamburgh, AA"
Jewellery designer,Li-Gregory,"Adamburgh, AA"
Jewellery designer,Li-Gregory,"Adamburgh, AA"
Ophthalmologist,"Fisher, Ryan and Coleman","Wilsonmouth, AA"
"Back-End Web Developer (Python, Django)",Stewart-Alexander,"South Kimberly, AA"
"Back-End Web Developer (Python, Django)",Stewart-Alexander,"South Kimberly, AA"
"Back-End Web Developer (Python, Django)",Stewart-Alexander,"South Kimberly, AA"
"Back-End Web Developer (Python, Django)",Stewart-Alexander,"South Kimberly, AA"
Licensed conveyancer,Abbott and Sons,"Benjaminland, AP"
Licensed conveyancer,Abbott and Sons,"Benjaminland, AP"
Licensed conveyancer,Abbott and Sons,"Benjaminland, AP"
Licensed conveyancer,Abbott and Sons,"Benjaminland, AP"
Futures trader,"Bryant, Santana and Davenport","Zacharyport, AA"
Futures trader,"Bryant, Santana and Davenport","Zacharyport, AA"
Counselling psychologist,Smith PLC,"Port Devonville, AE"
Counselling psychologist,Smith PLC,"Port Devonville, AE"
Insurance underwriter,Patterson-Singh,"East Thomas, AE"
Insurance underwriter,Patterson-Singh,"East Thomas, AE"
Insurance underwriter,Patterson-Singh,"East Thomas, AE"
"Engineer, automotive",Martinez-Berry,"New Jeffrey, AP"
"Engineer, automotive",Martinez-Berry,"New Jeffrey, AP"
"Engineer, automotive",Martinez-Berry,"New Jeffrey, AP"
"Engineer, automotive",Martinez-Berry,"New Jeffrey, AP"
"Producer, radio","May, Taylor and Fisher","Davidside, AA"
"Producer, radio","May, Taylor and Fisher","Davidside, AA"
"Producer, radio","May, Taylor and Fisher","Davidside, AA"
"Producer, radio","May, Taylor and Fisher","Davidside, AA"
"Producer, radio","May, Taylor and Fisher","Davidside, AA"
Dispensing optician,"Bailey, Owen and Thompson","Jamesville, AA"
"Designer, fashion/clothing",Vasquez Ltd,"New Kelly, AP"
"Designer, fashion/clothing",Vasquez Ltd,"New Kelly, AP"
"Designer, fashion/clothing",Vasquez Ltd,"New Kelly, AP"
"Designer, fashion/clothing",Vasquez Ltd,"New Kelly, AP"
Chartered loss adjuster,Leblanc LLC,"Lake Antonio, AA"
Chartered loss adjuster,Leblanc LLC,"Lake Antonio, AA"
Chartered loss adjuster,Leblanc LLC,"Lake Antonio, AA"
"Back-End Web Developer (Python, Django)","Jackson, Ali and Mckee","New Elizabethside, AA"
"Back-End Web Developer (Python, Django)","Jackson, Ali and Mckee","New Elizabethside, AA"
Forest/woodland manager,"Blankenship, Knight and Powell","Millsbury, AE"
Forest/woodland manager,"Blankenship, Knight and Powell","Millsbury, AE"
Forest/woodland manager,"Blankenship, Knight and Powell","Millsbury, AE"
Clinical cytogeneticist,"Patton, Haynes and Jones","Lloydton, AP"
Print production planner,Wood Inc,"Port Jeremy, AA"
Print production planner,Wood Inc,"Port Jeremy, AA"
Systems developer,Collins Group,"New Elizabethtown, AA"
Graphic designer,Flores-Nelson,"Charlesstad, AE"
Writer,"Mitchell, Jones and Olson","Josephbury, AE"
Writer,"Mitchell, Jones and Olson","Josephbury, AE"
Writer,"Mitchell, Jones and Olson","Josephbury, AE"
Writer,"Mitchell, Jones and Olson","Josephbury, AE"
Writer,"Mitchell, Jones and Olson","Josephbury, AE"
Field seismologist,Howard Group,"Seanfurt, AA"
Chief Strategy Officer,Kramer-Edwards,"Williambury, AA"
Chief Strategy Officer,Kramer-Edwards,"Williambury, AA"
Chief Strategy Officer,Kramer-Edwards,"Williambury, AA"
Chief Strategy Officer,Kramer-Edwards,"Williambury, AA"
Air cabin crew,Berry-Houston,"South Jorgeside, AP"
Air cabin crew,Berry-Houston,"South Jorgeside, AP"
Python Programmer (Entry-Level),Mathews Inc,"Robertborough, AP"
Python Programmer (Entry-Level),Mathews Inc,"Robertborough, AP"
Python Programmer (Entry-Level),Mathews Inc,"Robertborough, AP"
Warden/ranger,Riley-Johnson,"South Saratown, AP"
Warden/ranger,Riley-Johnson,"South Saratown, AP"
Warden/ranger,Riley-Johnson,"South Saratown, AP"
Sports therapist,Spencer and Sons,"Hullview, AA"
Sports therapist,Spencer and Sons,"Hullview, AA"
Sports therapist,Spencer and Sons,"Hullview, AA"
Sports therapist,Spencer and Sons,"Hullview, AA"
Sports therapist,Spencer and Sons,"Hullview, AA"
Arts development officer,Camacho-Sanchez,"Philipland, AP"
Printmaker,Oliver and Sons,"North Patty, AE"
Printmaker,Oliver and Sons,"North Patty, AE"
Health and safety adviser,Eaton PLC,"North Stephen, AE"
Health and safety adviser,Eaton PLC,"North Stephen, AE"
Manufacturing systems engineer,Stanley-Frederick,"Stevensland, AP"
Manufacturing systems engineer,Stanley-Frederick,"Stevensland, AP"
Manufacturing systems engineer,Stanley-Frederick,"Stevensland, AP"
"Programmer, applications",Bradley LLC,"Reyesstad, AE"
"Programmer, applications",Bradley LLC,"Reyesstad, AE"
Medical physicist,"Parker, Goodwin and Zavala","Bellberg, AP"
Medical physicist,"Parker, Goodwin and Zavala","Bellberg, AP"
Medical physicist,"Parker, Goodwin and Zavala","Bellberg, AP"
Media planner,Kim-Miles,"North Johnland, AE"
Media planner,Kim-Miles,"North Johnland, AE"
Media planner,Kim-Miles,"North Johnland, AE"
Media planner,Kim-Miles,"North Johnland, AE"
Software Developer (Python),Moreno-Rodriguez,"Martinezburgh, AE"
Software Developer (Python),Moreno-Rodriguez,"Martinezburgh, AE"
Software Developer (Python),Moreno-Rodriguez,"Martinezburgh, AE"
"Surveyor, land/geomatics",Brown-Ortiz,"Joshuatown, AE"
"Surveyor, land/geomatics",Brown-Ortiz,"Joshuatown, AE"
Legal executive,Hartman PLC,"West Ericstad, AA"
Legal executive,Hartman PLC,"West Ericstad, AA"
Legal executive,Hartman PLC,"West Ericstad, AA"
Legal executive,Hartman PLC,"West Ericstad, AA"
"Librarian, academic",Brooks Inc,"Tuckertown, AE"
"Librarian, academic",Brooks Inc,"Tuckertown, AE"
"Librarian, academic",Brooks Inc,"Tuckertown, AE"
"Librarian, academic",Brooks Inc,"Tuckertown, AE"
Barrister,Washington-Castillo,"Perezton, AE"
Barrister,Washington-Castillo,"Perezton, AE"
Museum/gallery exhibitions officer,"Nguyen, Yoder and Petty","Lake Abigail, AE"
Museum/gallery exhibitions officer,"Nguyen, Yoder and Petty","Lake Abigail, AE"
Museum/gallery exhibitions officer,"Nguyen, Yoder and Petty","Lake Abigail, AE"
Museum/gallery exhibitions officer,"Nguyen, Yoder and Petty","Lake Abigail, AE"
"Radiographer, diagnostic",Holder LLC,"Jacobshire, AP"
"Radiographer, diagnostic",Holder LLC,"Jacobshire, AP"
"Radiographer, diagnostic",Holder LLC,"Jacobshire, AP"
Database administrator,Yates-Ferguson,"Port Susan, AE"
Database administrator,Yates-Ferguson,"Port Susan, AE"
Database administrator,Yates-Ferguson,"Port Susan, AE"
Furniture designer,Ortega-Lawrence,"North Tiffany, AA"
Furniture designer,Ortega-Lawrence,"North Tiffany, AA"
Furniture designer,Ortega-Lawrence,"North Tiffany, AA"
Ship broker,"Fuentes, Walls and Castro","Michelleville, AP"
Ship broker,"Fuentes, Walls and Castro","Michelleville, AP"
Senior Python Developer,"Payne, Roberts and Davis","Stewartbury, AA"
Energy engineer,Vasquez-Davidson,"Christopherville, AA"
Legal executive,"Jackson, Chambers and Levy","Port Ericaburgh, AA"
Legal executive,"Jackson, Chambers and Levy","Port Ericaburgh, AA"
Legal executive,"Jackson, Chambers and Levy","Port Ericaburgh, AA"
Legal executive,"Jackson, Chambers and Levy","Port Ericaburgh, AA"
Fitness centre manager,Savage-Bradley,"East Seanview, AP"
Product manager,Ramirez Inc,"North Jamieview, AP"
Product manager,Ramirez Inc,"North Jamieview, AP"
Product manager,Ramirez Inc,"North Jamieview, AP"
Product manager,Ramirez Inc,"North Jamieview, AP"
Medical technical officer,Rogers-Yates,"Davidville, AP"
Physiological scientist,Kramer-Klein,"South Christopher, AE"
Physiological scientist,Kramer-Klein,"South Christopher, AE"
Physiological scientist,Kramer-Klein,"South Christopher, AE"
Textile designer,Meyers-Johnson,"Port Jonathan, AE"
Textile designer,Meyers-Johnson,"Port Jonathan, AE"
Television floor manager,Hughes-Williams,"Osbornetown, AE"
Television floor manager,Hughes-Williams,"Osbornetown, AE"
Television floor manager,Hughes-Williams,"Osbornetown, AE"
Television floor manager,Hughes-Williams,"Osbornetown, AE"
Waste management officer,"Jones, Williams and Villa","Scotttown, AP"
Waste management officer,"Jones, Williams and Villa","Scotttown, AP"
Software Engineer (Python),Garcia PLC,"Ericberg, AE"
Interpreter,Gregory and Sons,"Ramireztown, AE"
Interpreter,Gregory and Sons,"Ramireztown, AE"
Interpreter,Gregory and Sons,"Ramireztown, AE"
Interpreter,Gregory and Sons,"Ramireztown, AE"
Interpreter,Gregory and Sons,"Ramireztown, AE"
Architect,"Clark, Garcia and Sosa","Figueroaview, AA"
Meteorologist,Bush PLC,"Kelseystad, AA"
Meteorologist,Bush PLC,"Kelseystad, AA"
Meteorologist,Bush PLC,"Kelseystad, AA"
Meteorologist,Bush PLC,"Kelseystad, AA"
Audiological scientist,Salazar-Meyers,"Williamsburgh, AE"
Audiological scientist,Salazar-Meyers,"Williamsburgh, AE"
Audiological scientist,Salazar-Meyers,"Williamsburgh, AE"
Audiological scientist,Salazar-Meyers,"Williamsburgh, AE"
Audiological scientist,Salazar-Meyers,"Williamsburgh, AE"
English as a second language teacher,"Parker, Murphy and Brooks","Mitchellburgh, AE"
English as a second language teacher,"Parker, Murphy and Brooks","Mitchellburgh, AE"
English as a second language teacher,"Parker, Murphy and Brooks","Mitchellburgh, AE"
English as a second language teacher,"Parker, Murphy and Brooks","Mitchellburgh, AE"
Surgeon,Cruz-Brown,"West Jessicabury, AA"
Surgeon,Cruz-Brown,"West Jessicabury, AA"
Surgeon,Cruz-Brown,"West Jessicabury, AA"
Surgeon,Cruz-Brown,"West Jessicabury, AA"
Equities trader,Macdonald-Ferguson,"Maloneshire, AE"
Newspaper journalist,"Williams, Peterson and Rojas","Johnsonton, AA"
Newspaper journalist,"Williams, Peterson and Rojas","Johnsonton, AA"
Newspaper journalist,"Williams, Peterson and Rojas","Johnsonton, AA"
Newspaper journalist,"Williams, Peterson and Rojas","Johnsonton, AA"
Materials engineer,Smith and Sons,"South Davidtown, AP"
Materials engineer,Smith and Sons,"South Davidtown, AP"
Python Programmer (Entry-Level),"Moss, Duncan and Allen","Port Sara, AE"
Python Programmer (Entry-Level),"Moss, Duncan and Allen","Port Sara, AE"
Python Programmer (Entry-Level),"Moss, Duncan and Allen","Port Sara, AE"
Python Programmer (Entry-Level),"Moss, Duncan and Allen","Port Sara, AE"
Python Programmer (Entry-Level),"Moss, Duncan and Allen","Port Sara, AE"
Product/process development scientist,Gomez-Carroll,"Marktown, AA"
Product/process development scientist,Gomez-Carroll,"Marktown, AA"
Product/process development scientist,Gomez-Carroll,"Marktown, AA"
"Scientist, research (maths)","Manning, Welch and Herring","Laurenland, AE"
"Scientist, research (maths)","Manning, Welch and Herring","Laurenland, AE"
"Scientist, research (maths)","Manning, Welch and Herring","Laurenland, AE"
"Scientist, research (maths)","Manning, Welch and Herring","Laurenland, AE"
Ecologist,"Lee, Gutierrez and Brown","Lauraton, AP"
Ecologist,"Lee, Gutierrez and Brown","Lauraton, AP"
Ecologist,"Lee, Gutierrez and Brown","Lauraton, AP"
Ecologist,"Lee, Gutierrez and Brown","Lauraton, AP"
Materials engineer,"Davis, Serrano and Cook","South Tammyberg, AP"
Materials engineer,"Davis, Serrano and Cook","South Tammyberg, AP"
Historic buildings inspector/conservation officer,Smith LLC,"North Brandonville, AP"
Historic buildings inspector/conservation officer,Smith LLC,"North Brandonville, AP"
Historic buildings inspector/conservation officer,Smith LLC,"North Brandonville, AP"
Historic buildings inspector/conservation officer,Smith LLC,"North Brandonville, AP"
Data scientist,Thomas Group,"Port Robertfurt, AA"
Data scientist,Thomas Group,"Port Robertfurt, AA"
Data scientist,Thomas Group,"Port Robertfurt, AA"
Data scientist,Thomas Group,"Port Robertfurt, AA"
Psychiatrist,Silva-King,"Burnettbury, AE"
Psychiatrist,Silva-King,"Burnettbury, AE"
Psychiatrist,Silva-King,"Burnettbury, AE"
Psychiatrist,Silva-King,"Burnettbury, AE"
Psychiatrist,Silva-King,"Burnettbury, AE"
Structural engineer,Pierce-Long,"Herbertside, AA"
Structural engineer,Pierce-Long,"Herbertside, AA"
Structural engineer,Pierce-Long,"Herbertside, AA"
Immigration officer,Walker-Simpson,"Christopherport, AP"
Immigration officer,Walker-Simpson,"Christopherport, AP"
Immigration officer,Walker-Simpson,"Christopherport, AP"
Python Programmer (Entry-Level),Cooper and Sons,"West Victor, AE"
Python Programmer (Entry-Level),Cooper and Sons,"West Victor, AE"
Python Programmer (Entry-Level),Cooper and Sons,"West Victor, AE"
Python Programmer (Entry-Level),Cooper and Sons,"West Victor, AE"
Neurosurgeon,"Donovan, Gonzalez and Figueroa","Port Aaron, AP"
Broadcast engineer,"Morgan, Butler and Bennett","Loribury, AA"
Broadcast engineer,"Morgan, Butler and Bennett","Loribury, AA"
Broadcast engineer,"Morgan, Butler and Bennett","Loribury, AA"
Broadcast engineer,"Morgan, Butler and Bennett","Loribury, AA"
Make,Snyder-Lee,"Angelastad, AP"
Make,Snyder-Lee,"Angelastad, AP"
Make,Snyder-Lee,"Angelastad, AP"
Make,Snyder-Lee,"Angelastad, AP"
Make,Snyder-Lee,"Angelastad, AP"
"Nurse, adult",Harris PLC,"Larrytown, AE"
"Nurse, adult",Harris PLC,"Larrytown, AE"
"Nurse, adult",Harris PLC,"Larrytown, AE"
Air broker,Washington PLC,"West Colin, AP"
Air broker,Washington PLC,"West Colin, AP"
Air broker,Washington PLC,"West Colin, AP"
Air broker,Washington PLC,"West Colin, AP"
Air broker,Washington PLC,"West Colin, AP"
"Editor, film/video","Brown, Price and Campbell","West Stephanie, AP"
"Editor, film/video","Brown, Price and Campbell","West Stephanie, AP"
"Editor, film/video","Brown, Price and Campbell","West Stephanie, AP"
"Editor, film/video","Brown, Price and Campbell","West Stephanie, AP"
"Production assistant, radio",Mcgee PLC,"Laurentown, AP"
"Production assistant, radio",Mcgee PLC,"Laurentown, AP"
"Engineer, communications",Dixon Inc,"Wrightberg, AP"
Sales executive,"Thompson, Sheppard and Ward","Alberttown, AE"
Sales executive,"Thompson, Sheppard and Ward","Alberttown, AE"
Sales executive,"Thompson, Sheppard and Ward","Alberttown, AE"
Software Developer (Python),Adams-Brewer,"Brockburgh, AE"
Software Developer (Python),Adams-Brewer,"Brockburgh, AE"
Software Developer (Python),Adams-Brewer,"Brockburgh, AE"
Software Developer (Python),Adams-Brewer,"Brockburgh, AE"
Futures trader,Schneider-Brady,"North Jason, AE"
Futures trader,Schneider-Brady,"North Jason, AE"
Tour manager,Gonzales-Frank,"Arnoldhaven, AE"
Tour manager,Gonzales-Frank,"Arnoldhaven, AE"
Tour manager,Gonzales-Frank,"Arnoldhaven, AE"
Tour manager,Gonzales-Frank,"Arnoldhaven, AE"
Tour manager,Gonzales-Frank,"Arnoldhaven, AE"
Cytogeneticist,Smith-Wong,"Lake Destiny, AP"
Cytogeneticist,Smith-Wong,"Lake Destiny, AP"
Cytogeneticist,Smith-Wong,"Lake Destiny, AP"
Cytogeneticist,Smith-Wong,"Lake Destiny, AP"
Cytogeneticist,Smith-Wong,"Lake Destiny, AP"
"Designer, multimedia",Pierce-Herrera,"South Timothyburgh, AP"
"Designer, multimedia",Pierce-Herrera,"South Timothyburgh, AP"
"Designer, multimedia",Pierce-Herrera,"South Timothyburgh, AP"
Trade union research officer,"Aguilar, Rivera and Quinn","New Jimmyton, AE"
"Chemist, analytical","Lowe, Barnes and Thomas","New Lucasbury, AP"
"Chemist, analytical","Lowe, Barnes and Thomas","New Lucasbury, AP"
"Chemist, analytical","Lowe, Barnes and Thomas","New Lucasbury, AP"
"Chemist, analytical","Lowe, Barnes and Thomas","New Lucasbury, AP"
"Chemist, analytical","Lowe, Barnes and Thomas","New Lucasbury, AP"
"Programmer, multimedia","Lewis, Gonzalez and Vasquez","Port Cory, AE"
"Programmer, multimedia","Lewis, Gonzalez and Vasquez","Port Cory, AE"
"Programmer, multimedia","Lewis, Gonzalez and Vasquez","Port Cory, AE"
"Engineer, broadcasting (operations)",Taylor PLC,"Gileston, AA"
"Engineer, broadcasting (operations)",Taylor PLC,"Gileston, AA"
"Engineer, broadcasting (operations)",Taylor PLC,"Gileston, AA"
"Engineer, broadcasting (operations)",Taylor PLC,"Gileston, AA"
"Teacher, primary school","Oliver, Jones and Ramirez","Cindyshire, AA"
"Teacher, primary school","Oliver, Jones and Ramirez","Cindyshire, AA"
"Teacher, primary school","Oliver, Jones and Ramirez","Cindyshire, AA"
"Teacher, primary school","Oliver, Jones and Ramirez","Cindyshire, AA"
Python Developer,Rivera and Sons,"East Michaelfort, AA"
Python Developer,Rivera and Sons,"East Michaelfort, AA"
Python Developer,Rivera and Sons,"East Michaelfort, AA"
Python Developer,Rivera and Sons,"East Michaelfort, AA"
Manufacturing systems engineer,Garcia PLC,"Joybury, AE"
Manufacturing systems engineer,Garcia PLC,"Joybury, AE"
Manufacturing systems engineer,Garcia PLC,"Joybury, AE"
Manufacturing systems engineer,Garcia PLC,"Joybury, AE"
Manufacturing systems engineer,Garcia PLC,"Joybury, AE"
"Producer, television/film/video","Johnson, Wells and Kramer","Emmatown, AE"
"Producer, television/film/video","Johnson, Wells and Kramer","Emmatown, AE"
"Producer, television/film/video","Johnson, Wells and Kramer","Emmatown, AE"
"Scientist, forensic",Gonzalez LLC,"Colehaven, AP"
"Scientist, forensic",Gonzalez LLC,"Colehaven, AP"
"Scientist, forensic",Gonzalez LLC,"Colehaven, AP"
Bonds trader,"Morgan, White and Macdonald","Port Coryton, AE"
Bonds trader,"Morgan, White and Macdonald","Port Coryton, AE"
Editorial assistant,Robinson-Fitzpatrick,"Amyborough, AA"
Editorial assistant,Robinson-Fitzpatrick,"Amyborough, AA"
Editorial assistant,Robinson-Fitzpatrick,"Amyborough, AA"
Editorial assistant,Robinson-Fitzpatrick,"Amyborough, AA"
Photographer,"Waters, Wilson and Hoover","Reynoldsville, AA"
Photographer,"Waters, Wilson and Hoover","Reynoldsville, AA"
Photographer,"Waters, Wilson and Hoover","Reynoldsville, AA"
Retail banker,Hill LLC,"Port Billy, AP"
Retail banker,Hill LLC,"Port Billy, AP"
Retail banker,Hill LLC,"Port Billy, AP"
Jewellery designer,Li-Gregory,"Adamburgh, AA"
Jewellery designer,Li-Gregory,"Adamburgh, AA"
Jewellery designer,Li-Gregory,"Adamburgh, AA"
Jewellery designer,Li-Gregory,"Adamburgh, AA"
Jewellery designer,Li-Gregory,"Adamburgh, AA"
Ophthalmologist,"Fisher, Ryan and Coleman","Wilsonmouth, AA"
Ophthalmologist,"Fisher, Ryan and Coleman","Wilsonmouth, AA"
"Back-End Web Developer (Python, Django)",Stewart-Alexander,"South Kimberly, AA"
"Back-End Web Developer (Python, Django)",Stewart-Alexander,"South Kimberly, AA"
"Back-End Web Developer (Python, Django)",Stewart-Alexander,"South Kimberly, AA"
Licensed conveyancer,Abbott and Sons,"Benjaminland, AP"
Futures trader,"Bryant, Santana and Davenport","Zacharyport, AA"
Futures trader,"Bryant, Santana and Davenport","Zacharyport, AA"
Futures trader,"Bryant, Santana and Davenport","Zacharyport, AA"
Futures trader,"Bryant, Santana and Davenport","Zacharyport, AA"
Futures trader,"Bryant, Santana and Davenport","Zacharyport, AA"
Counselling psychologist,Smith PLC,"Port Devonville, AE"
Counselling psychologist,Smith PLC,"Port Devonville, AE"
Insurance underwriter,Patterson-Singh,"East Thomas, AE"
Insurance underwriter,Patterson-Singh,"East Thomas, AE"
Insurance underwriter,Patterson-Singh,"East Thomas, AE"
Insurance underwriter,Patterson-Singh,"East Thomas, AE"
"Engineer, automotive",Martinez-Berry,"New Jeffrey, AP"
"Engineer, automotive",Martinez-Berry,"New Jeffrey, AP"
"Engineer, automotive",Martinez-Berry,"New Jeffrey, AP"
"Engineer, automotive",Martinez-Berry,"New Jeffrey, AP"
"Producer, radio","May, Taylor and Fisher","Davidside, AA"
"Producer, radio","May, Taylor and Fisher","Davidside, AA"
"Producer, radio","May, Taylor and Fisher","Davidside, AA"
"Producer, radio","May, Taylor and Fisher","Davidside, AA"
"Producer, radio","May, Taylor and Fisher","Davidside, AA"
Dispensing optician,"Bailey, Owen and Thompson","Jamesville, AA"
Dispensing optician,"Bailey, Owen and Thompson","Jamesville, AA"
Dispensing optician,"Bailey, Owen and Thompson","Jamesville, AA"
"Designer, fashion/clothing",Vasquez Ltd,"New Kelly, AP"
"Designer, fashion/clothing",Vasquez Ltd,"New Kelly, AP"
"Designer, fashion/clothing",Vasquez Ltd,"New Kelly, AP"
Chartered loss adjuster,Leblanc LLC,"Lake Antonio, AA"
Chartered loss adjuster,Leblanc LLC,"Lake Antonio, AA"
Chartered loss adjuster,Leblanc LLC,"Lake Antonio, AA"
Chartered loss adjuster,Leblanc LLC,"Lake Antonio, AA"
"Back-End Web Developer (Python, Django)","Jackson, Ali and Mckee","New Elizabethside, AA"
Forest/woodland manager,"Blankenship, Knight and Powell","Millsbury, AE"
Forest/woodland manager,"Blankenship, Knight and Powell","Millsbury, AE"
Forest/woodland manager,"Blankenship, Knight and Powell","Millsbury, AE"
Forest/woodland manager,"Blankenship, Knight and Powell","Millsbury, AE"
Clinical cytogeneticist,"Patton, Haynes and Jones","Lloydton, AP"
Clinical cytogeneticist,"Patton, Haynes and Jones","Lloydton, AP"
Print production planner,Wood Inc,"Port Jeremy, AA"
Print production planner,Wood Inc,"Port Jeremy, AA"
Print production planner,Wood Inc,"Port Jeremy, AA"
Systems developer,Collins Group,"New Elizabethtown, AA"
Graphic designer,Flores-Nelson,"Charlesstad, AE"
Graphic designer,Flores-Nelson,"Charlesstad, AE"
Graphic designer,Flores-Nelson,"Charlesstad, AE"
Graphic designer,Flores-Nelson,"Charlesstad, AE"
Graphic designer,Flores-Nelson,"Charlesstad, AE"
Writer,"Mitchell, Jones and Olson","Josephbury, AE"
Writer,"Mitchell, Jones and Olson","Josephbury, AE"
Writer,"Mitchell, Jones and Olson","Josephbury, AE"
Field seismologist,Howard Group,"Seanfurt, AA"
Field seismologist,Howard Group,"Seanfurt, AA"
Field seismologist,Howard Group,"Seanfurt, AA"
Chief Strategy Officer,Kramer-Edwards,"Williambury, AA"
Chief Strategy Officer,Kramer-Edwards,"Williambury, AA"
Chief Strategy Officer,Kramer-Edwards,"Williambury, AA"
Chief Strategy Officer,Kramer-Edwards,"Williambury, AA"
Air cabin crew,Berry-Houston,"South Jorgeside, AP"
Python Programmer (Entry-Level),Mathews Inc,"Robertborough, AP"
Warden/ranger,Riley-Johnson,"South Saratown, AP"
Warden/ranger,Riley-Johnson,"South Saratown, AP"
Warden/ranger,Riley-Johnson,"South Saratown, AP"
Warden/ranger,Riley-Johnson,"South Saratown, AP"
Sports therapist,Spencer and Sons,"Hullview, AA"
Arts development officer,Camacho-Sanchez,"Philipland, AP"
Arts development officer,Camacho-Sanchez,"Philipland, AP"
Arts development officer,Camacho-Sanchez,"Philipland, AP"
Arts development officer,Camacho-Sanchez,"Philipland, AP"
Printmaker,Oliver and Sons,"North Patty, AE"
Printmaker,Oliver and Sons,"North Patty, AE"
Printmaker,Oliver and Sons,"North Patty, AE"
Printmaker,Oliver and Sons,"North Patty, AE"
Printmaker,Oliver and Sons,"North Patty, AE"
Health and safety adviser,Eaton PLC,"North Stephen, AE"
Manufacturing systems engineer,Stanley-Frederick,"Stevensland, AP"
Manufacturing systems engineer,Stanley-Frederick,"Stevensland, AP"
"Programmer, applications",Bradley LLC,"Reyesstad, AE"
"Programmer, applications",Bradley LLC,"Reyesstad, AE"
"Programmer, applications",Bradley LLC,"Reyesstad, AE"
Medical physicist,"Parker, Goodwin and Zavala","Bellberg, AP"
Medical physicist,"Parker, Goodwin and Zavala","Bellberg, AP"
Media planner,Kim-Miles,"North Johnland, AE"
Software Developer (Python),Moreno-Rodriguez,"Martinezburgh, AE"
Software Developer (Python),Moreno-Rodriguez,"Martinezburgh, AE"
Software Developer (Python),Moreno-Rodriguez,"Martinezburgh, AE"
Software Developer (Python),Moreno-Rodriguez,"Martinezburgh, AE"
"Surveyor, land/geomatics",Brown-Ortiz,"Joshuatown, AE"
Legal executive,Hartman PLC,"West Ericstad, AA"
Legal executive,Hartman PLC,"West Ericstad, AA"
Legal executive,Hartman PLC,"West Ericstad, AA"
Legal executive,Hartman PLC,"West Ericstad, AA"
"Librarian, academic",Brooks Inc,"Tuckertown, AE"
"Librarian, academic",Brooks Inc,"Tuckertown, AE"
Barrister,Washington-Castillo,"Perezton, AE"
Museum/gallery exhibitions officer,"Nguyen, Yoder and Petty","Lake Abigail, AE"
Museum/gallery exhibitions officer,"Nguyen, Yoder and Petty","Lake Abigail, AE"
Museum/gallery exhibitions officer,"Nguyen, Yoder and Petty","Lake Abigail, AE"
Museum/gallery exhibitions officer,"Nguyen, Yoder and Petty","Lake Abigail, AE"
"Radiographer, diagnostic",Holder LLC,"Jacobshire, AP"
"Radiographer, diagnostic",Holder LLC,"Jacobshire, AP"
Database administrator,Yates-Ferguson,"Port Susan, AE"
Database administrator,Yates-Ferguson,"Port Susan, AE"
Database administrator,Yates-Ferguson,"Port Susan, AE"
Database administrator,Yates-Ferguson,"Port Susan, AE"
Database administrator,Yates-Ferguson,"Port Susan, AE"
Furniture designer,Ortega-Lawrence,"North Tiffany, AA"
Furniture designer,Ortega-Lawrence,"North Tiffany, AA"
Furniture designer,Ortega-Lawrence,"North Tiffany, AA"
Furniture designer,Ortega-Lawrence,"North Tiffany, AA"
Ship broker,"Fuentes, Walls and Castro","Michelleville, AP"
Ship broker,"Fuentes, Walls and Castro","Michelleville, AP"
Senior Python Developer,"Payne, Roberts and Davis","Stewartbury, AA"
Senior Python Developer,"Payne, Roberts and Davis","Stewartbury, AA"
Energy engineer,Vasquez-Davidson,"Christopherville, AA"
Energy engineer,Vasquez-Davidson,"Christopherville, AA"
Energy engineer,Vasquez-Davidson,"Christopherville, AA"
Legal executive,"Jackson, Chambers and Levy","Port Ericaburgh, AA"
Legal executive,"Jackson, Chambers and Levy","Port Ericaburgh, AA"
Legal executive,"Jackson, Chambers and Levy","Port Ericaburgh, AA"
Fitness centre manager,Savage-Bradley,"East Seanview, AP"
Fitness centre manager,Savage-Bradley,"East Seanview, AP"
Fitness centre manager,Savage-Bradley,"East Seanview, AP"
Fitness centre manager,Savage-Bradley,"East Seanview, AP"
Product manager,Ramirez Inc,"North Jamieview, AP"
Product manager,Ramirez Inc,"North Jamieview, AP"
Product manager,Ramirez Inc,"North Jamieview, AP"
Product manager,Ramirez Inc,"North Jamieview, AP"
Product manager,Ramirez Inc,"North Jamieview, AP"
Medical technical officer,Rogers-Yates,"Davidville, AP"
Medical technical officer,Rogers-Yates,"Davidville, AP"
Medical technical officer,Rogers-Yates,"Davidville, AP"
Physiological scientist,Kramer-Klein,"South Christopher, AE"
Physiological scientist,Kramer-Klein,"South Christopher, AE"
Physiological scientist,Kramer-Klein,"South Christopher, AE"
Physiological scientist,Kramer-Klein,"South Christopher, AE"
Textile designer,Meyers-Johnson,"Port Jonathan, AE"
Textile designer,Meyers-Johnson,"Port Jonathan, AE"
Textile designer,Meyers-Johnson,"Port Jonathan, AE"
Television floor manager,Hughes-Williams,"Osbornetown, AE"
Television floor manager,Hughes-Williams,"Osbornetown, AE"
Television floor manager,Hughes-Williams,"Osbornetown, AE"
Waste management officer,"Jones, Williams and Villa","Scotttown, AP"
Waste management officer,"Jones, Williams and Villa","Scotttown, AP"
Waste management officer,"Jones, Williams and Villa","Scotttown, AP"
Software Engineer (Python),Garcia PLC,"Ericberg, AE"
Software Engineer (Python),Garcia PLC,"Ericberg, AE"
Interpreter,Gregory and Sons,"Ramireztown, AE"
Interpreter,Gregory and Sons,"Ramireztown, AE"
Architect,"Clark, Garcia and Sosa","Figueroaview, AA"
Architect,"Clark, Garcia and Sosa","Figueroaview, AA"
Architect,"Clark, Garcia and Sosa","Figueroaview, AA"
Architect,"Clark, Garcia and Sosa","Figueroaview, AA"
Meteorologist,Bush PLC,"Kelseystad, AA"
Meteorologist,Bush PLC,"Kelseystad, AA"
Meteorologist,Bush PLC,"Kelseystad, AA"
Audiological scientist,Salazar-Meyers,"Williamsburgh, AE"
Audiological scientist,Salazar-Meyers,"Williamsburgh, AE"
Audiological scientist,Salazar-Meyers,"Williamsburgh, AE"
Audiological scientist,Salazar-Meyers,"Williamsburgh, AE"
Audiological scientist,Salazar-Meyers,"Williamsburgh, AE"
English as a second language teacher,"Parker, Murphy and Brooks","Mitchellburgh, AE"
English as a second language teacher,"Parker, Murphy and Brooks","Mitchellburgh, AE"
English as a second language teacher,"Parker, Murphy and Brooks","Mitchellburgh, AE"
English as a second language teacher,"Parker, Murphy and Brooks","Mitchellburgh, AE"
English as a second language teacher,"Parker, Murphy and Brooks","Mitchellburgh, AE"
Surgeon,Cruz-Brown,"West Jessicabury, AA"
Surgeon,Cruz-Brown,"West Jessicabury, AA"
Surgeon,Cruz-Brown,"West Jessicabury, AA"
Equities trader,Macdonald-Ferguson,"Maloneshire, AE"
Equities trader,Macdonald-Ferguson,"Maloneshire, AE"
Equities trader,Macdonald-Ferguson,"Maloneshire, AE"
Newspaper journalist,"Williams, Peterson and Rojas","Johnsonton, AA"
Newspaper journalist,"Williams, Peterson and Rojas","Johnsonton, AA"
Materials engineer,Smith and Sons,"South Davidtown, AP"
Python Programmer (Entry-Level),"Moss, Duncan and Allen","Port Sara, AE"
Python Programmer (Entry-Level),"Moss, Duncan and Allen","Port Sara, AE"
Python Programmer (Entry-Level),"Moss, Duncan and Allen","Port Sara, AE"
Python Programmer (Entry-Level),"Moss, Duncan and Allen","Port Sara, AE"
Python Programmer (Entry-Level),"Moss, Duncan and Allen","Port Sara, AE"
Product/process development scientist,Gomez-Carroll,"Marktown, AA"
"Scientist, research (maths)","Manning, Welch and Herring","Laurenland, AE"
Ecologist,"Lee, Gutierrez and Brown","Lauraton, AP"
Ecologist,"Lee, Gutierrez and Brown","Lauraton, AP"
Materials engineer,"Davis, Serrano and Cook","South Tammyberg, AP"
Materials engineer,"Davis, Serrano and Cook","South Tammyberg, AP"
Materials engineer,"Davis, Serrano and Cook","South Tammyberg, AP"
Materials engineer,"Davis, Serrano and Cook","South Tammyberg, AP"
Historic buildings inspector/conservation officer,Smith LLC,"North Brandonville, AP"
Data scientist,Thomas Group,"Port Robertfurt, AA"
Data scientist,Thomas Group,"Port Robertfurt, AA"
Psychiatrist,Silva-King,"Burnettbury, AE"
Psychiatrist,Silva-King,"Burnettbury, AE"
Psychiatrist,Silva-King,"Burnettbury, AE"
Psychiatrist,Silva-King,"Burnettbury, AE"
Psychiatrist,Silva-King,"Burnettbury, AE"
Structural engineer,Pierce-Long,"Herbertside, AA"
Structural engineer,Pierce-Long,"Herbertside, AA"
Structural engineer,Pierce-Long,"Herbertside, AA"
Immigration officer,Walker-Simpson,"Christopherport, AP"
Immigration officer,Walker-Simpson,"Christopherport, AP"
Python Programmer (Entry-Level),Cooper and Sons,"West Victor, AE"
Python Programmer (Entry-Level),Cooper and Sons,"West Victor, AE"
Python Programmer (Entry-Level),Cooper and Sons,"West Victor, AE"
Neurosurgeon,"Donovan, Gonzalez and Figueroa","Port Aaron, AP"
Neurosurgeon,"Donovan, Gonzalez and Figueroa","Port Aaron, AP"
Neurosurgeon,"Donovan, Gonzalez and Figueroa","Port Aaron, AP"
Neurosurgeon,"Donovan, Gonzalez and Figueroa","Port Aaron, AP"
Neurosurgeon,"Donovan, Gonzalez and Figueroa","Port Aaron, AP"
Broadcast engineer,"Morgan, Butler and Bennett","Loribury, AA"
Make,Snyder-Lee,"Angelastad, AP"
Make,Snyder-Lee,"Angelastad, AP"
Make,Snyder-Lee,"Angelastad, AP"
Make,Snyder-Lee,"Angelastad, AP"
Make,Snyder-Lee,"Angelastad, AP"
"Nurse, adult",Harris PLC,"Larrytown, AE"
"Nurse, adult",Harris PLC,"Larrytown, AE"
"Nurse, adult",Harris PLC,"Larrytown, AE"
"Nurse, adult",Harris PLC,"Larrytown, AE"
"Nurse, adult",Harris PLC,"Larrytown, AE"
Air broker,Washington PLC,"West Colin, AP"
Air broker,Washington PLC,"West Colin, AP"
Air broker,Washington PLC,"West Colin, AP"
"Editor, film/video","Brown, Price and Campbell","West Stephanie, AP"
"Editor, film/video","Brown, Price and Campbell","West Stephanie, AP"
"Editor, film/video","Brown, Price and Campbell","West Stephanie, AP"
"Production assistant, radio",Mcgee PLC,"Laurentown, AP"
"Production assistant, radio",Mcgee PLC,"Laurentown, AP"
"Engineer, communications",Dixon Inc,"Wrightberg, AP"
"Engineer, communications",Dixon Inc,"Wrightberg, AP"
Sales executive,"Thompson, Sheppard and Ward","Alberttown, AE"
Sales executive,"Thompson, Sheppard and Ward","Alberttown, AE"
Sales executive,"Thompson, Sheppard and Ward","Alberttown, AE"
Sales executive,"Thompson, Sheppard and Ward","Alberttown, AE"
Software Developer (Python),Adams-Brewer,"Brockburgh, AE"
Software Developer (Python),Adams-Brewer,"Brockburgh, AE"
Futures trader,Schneider-Brady,"North Jason, AE"
Futures trader,Schneider-Brady,"North Jason, AE"
Futures trader,Schneider-Brady,"North Jason, AE"
Futures trader,Schneider-Brady,"North Jason, AE"
Futures trader,Schneider-Brady,"North Jason, AE"
Tour manager,Gonzales-Frank,"Arnoldhaven, AE"
Cytogeneticist,Smith-Wong,"Lake Destiny, AP"
Cytogeneticist,Smith-Wong,"Lake Destiny, AP"
Cytogeneticist,Smith-Wong,"Lake Destiny, AP"
"Designer, multimedia",Pierce-Herrera,"South Timothyburgh, AP"
"Designer, multimedia",Pierce-Herrera,"South Timothyburgh, AP"
"Designer, multimedia",Pierce-Herrera,"South Timothyburgh, AP"
Trade union research officer,"Aguilar, Rivera and Quinn","New Jimmyton, AE"
Trade union research officer,"Aguilar, Rivera and Quinn","New Jimmyton, AE"
Trade union research officer,"Aguilar, Rivera and Quinn","New Jimmyton, AE"
"Chemist, analytical","Lowe, Barnes and Thomas","New Lucasbury, AP"
"Chemist, analytical","Lowe, Barnes and Thomas","New Lucasbury, AP"
"Programmer, multimedia","Lewis, Gonzalez and Vasquez","Port Cory, AE"
"Programmer, multimedia","Lewis, Gonzalez and Vasquez","Port Cory, AE"
"Programmer, multimedia","Lewis, Gonzalez and Vasquez","Port Cory, AE"
"Engineer, broadcasting (operations)",Taylor PLC,"Gileston, AA"
"Teacher, primary school","Oliver, Jones and Ramirez","Cindyshire, AA"
"Teacher, primary school","Oliver, Jones and Ramirez","Cindyshire, AA"
"Teacher, primary school","Oliver, Jones and Ramirez","Cindyshire, AA"
Python Developer,Rivera and Sons,"East Michaelfort, AA"
Manufacturing systems engineer,Garcia PLC,"Joybury, AE"
"Producer, television/film/video","Johnson, Wells and Kramer","Emmatown, AE"
"Scientist, forensic",Gonzalez LLC,"Colehaven, AP"
"Scientist, forensic",Gonzalez LLC,"Colehaven, AP"
Bonds trader,"Morgan, White and Macdonald","Port Coryton, AE"
Bonds trader,"Morgan, White and Macdonald","Port Coryton, AE"
Bonds trader,"Morgan, White and Macdonald","Port Coryton, AE"
Bonds trader,"Morgan, White and Macdonald","Port Coryton, AE"
Bonds trader,"Morgan, White and Macdonald","Port Coryton, AE"
Editorial assistant,Robinson-Fitzpatrick,"Amyborough, AA"
Editorial assistant,Robinson-Fitzpatrick,"Amyborough, AA"
Editorial assistant,Robinson-Fitzpatrick,"Amyborough, AA"
Editorial assistant,Robinson-Fitzpatrick,"Amyborough, AA"
Editorial assistant,Robinson-Fitzpatrick,"Amyborough, AA"
Photographer,"Waters, Wilson and Hoover","Reynoldsville, AA"
Photographer,"Waters, Wilson and Hoover","Reynoldsville, AA"
Photographer,"Waters, Wilson and Hoover","Reynoldsville, AA"
Retail banker,Hill LLC,"Port Billy, AP"
Retail banker,Hill LLC,"Port Billy, AP"
Retail banker,Hill LLC,"Port Billy, AP"
Retail banker,Hill LLC,"Port Billy, AP"
Jewellery designer,Li-Gregory,"Adamburgh, AA"
Jewellery designer,Li-Gregory,"Adamburgh, AA"
Jewellery designer,Li-Gregory,"Adamburgh, AA"
Jewellery designer,Li-Gregory,"Adamburgh, AA"
Jewellery designer,Li-Gregory,"Adamburgh, AA"
Ophthalmologist,"Fisher, Ryan and Coleman","Wilsonmouth, AA"
Ophthalmologist,"Fisher, Ryan and Coleman","Wilsonmouth, AA"
Ophthalmologist,"Fisher, Ryan and Coleman","Wilsonmouth, AA"
Ophthalmologist,"Fisher, Ryan and Coleman","Wilsonmouth, AA"
Ophthalmologist,"Fisher, Ryan and Coleman","Wilsonmouth, AA"
"Back-End Web Developer (Python, Django)",Stewart-Alexander,"South Kimberly, AA"
"Back-End Web Developer (Python, Django)",Stewart-Alexander,"South Kimberly, AA"
"Back-End Web Developer (Python, Django)",Stewart-Alexander,"South Kimberly, AA"
Licensed conveyancer,Abbott and Sons,"Benjaminland, AP"
Futures trader,"Bryant, Santana and Davenport","Zacharyport, AA"
Futures trader,"Bryant, Santana and Davenport","Zacharyport, AA"
Futures trader,"Bryant, Santana and Davenport","Zacharyport, AA"
Counselling psychologist,Smith PLC,"Port Devonville, AE"
Counselling psychologist,Smith PLC,"Port Devonville, AE"
Counselling psychologist,Smith PLC,"Port Devonville, AE"
Insurance underwriter,Patterson-Singh,"East Thomas, AE"
Insurance underwriter,Patterson-Singh,"East Thomas, AE"
Insurance underwriter,Patterson-Singh,"East Thomas, AE"
Insurance underwriter,Patterson-Singh,"East Thomas, AE"
"Engineer, automotive",Martinez-Berry,"New Jeffrey, AP"
"Engineer, automotive",Martinez-Berry,"New Jeffrey, AP"
"Engineer, automotive",Martinez-Berry,"New Jeffrey, AP"
"Engineer, automotive",Martinez-Berry,"New Jeffrey, AP"
"Producer, radio","May, Taylor and Fisher","Davidside, AA"
Dispensing optician,"Bailey, Owen and Thompson","Jamesville, AA"
Dispensing optician,"Bailey, Owen and Thompson","Jamesville, AA"
Dispensing optician,"Bailey, Owen and Thompson","Jamesville, AA"
Dispensing optician,"Bailey, Owen and Thompson","Jamesville, AA"
Dispensing optician,"Bailey, Owen and Thompson","Jamesville, AA"
"Designer, fashion/clothing",Vasquez Ltd,"New Kelly, AP"
"Designer, fashion/clothing",Vasquez Ltd,"New Kelly, AP"
"Designer, fashion/clothing",Vasquez Ltd,"New Kelly, AP"
"Designer, fashion/clothing",Vasquez Ltd,"New Kelly, AP"
Chartered loss adjuster,Leblanc LLC,"Lake Antonio, AA"
Chartered loss adjuster,Leblanc LLC,"Lake Antonio, AA"
Chartered loss adjuster,Leblanc LLC,"Lake Antonio, AA"
Chartered loss adjuster,Leblanc LLC,"Lake Antonio, AA"
Chartered loss adjuster,Leblanc LLC,"Lake Antonio, AA"
"Back-End Web Developer (Python, Django)","Jackson, Ali and Mckee","New Elizabethside, AA"
"Back-End Web Developer (Python, Django)","Jackson, Ali and Mckee","New Elizabethside, AA"
"Back-End Web Developer (Python, Django)","Jackson, Ali and Mckee","New Elizabethside, AA"
"Back-End Web Developer (Python, Django)","Jackson, Ali and Mckee","New Elizabethside, AA"
"Back-End Web Developer (Python, Django)","Jackson, Ali and Mckee","New Elizabethside, AA"
Forest/woodland manager,"Blankenship, Knight and Powell","Millsbury, AE"
Forest/woodland manager,"Blankenship, Knight and Powell","Millsbury, AE"
Forest/woodland manager,"Blankenship, Knight and Powell","Millsbury, AE"
Forest/woodland manager,"Blankenship, Knight and Powell","Millsbury, AE"
Forest/woodland manager,"Blankenship, Knight and Powell","Millsbury, AE"
Clinical cytogeneticist,"Patton, Haynes and Jones","Lloydton, AP"
Clinical cytogeneticist,"Patton, Haynes and Jones","Lloydton, AP"
Clinical cytogeneticist,"Patton, Haynes and Jones","Lloydton, AP"
Print production planner,Wood Inc,"Port Jeremy, AA"
Print production planner,Wood Inc,"Port Jeremy, AA"
Print production planner,Wood Inc,"Port Jeremy, AA"
Print production planner,Wood Inc,"Port Jeremy, AA"
Systems developer,Collins Group,"New Elizabethtown, AA"
Systems developer,Collins Group,"New Elizabethtown, AA"
Graphic designer,Flores-Nelson,"Charlesstad, AE"
Graphic designer,Flores-Nelson,"Charlesstad, AE"
Graphic designer,Flores-Nelson,"Charlesstad, AE"
Graphic designer,Flores-Nelson,"Charlesstad, AE"
Graphic designer,Flores-Nelson,"Charlesstad, AE"
Writer,"Mitchell, Jones and Olson","Josephbury, AE"
Writer,"Mitchell, Jones and Olson","Josephbury, AE"
Writer,"Mitchell, Jones and Olson","Josephbury, AE"
Writer,"Mitchell, Jones and Olson","Josephbury, AE"
Field seismologist,Howard Group,"Seanfurt, AA"
Field seismologist,Howard Group,"Seanfurt, AA"
Field seismologist,Howard Group,"Seanfurt, AA"
Field seismologist,Howard Group,"Seanfurt, AA"
Chief Strategy Officer,Kramer-Edwards,"Williambury, AA"
Chief Strategy Officer,Kramer-Edwards,"Williambury, AA"
Air cabin crew,Berry-Houston,"South Jorgeside, AP"
Air cabin crew,Berry-Houston,"South Jorgeside, AP"
Air cabin crew,Berry-Houston,"South Jorgeside, AP"
Air cabin crew,Berry-Houston,"South Jorgeside, AP"
Air cabin crew,Berry-Houston,"South Jorgeside, AP"
Python Programmer (Entry-Level),Mathews Inc,"Robertborough, AP"
Python Programmer (Entry-Level),Mathews Inc,"Robertborough, AP"
Python Programmer (Entry-Level),Mathews Inc,"Robertborough, AP"
Python Programmer (Entry-Level),Mathews Inc,"Robertborough, AP"
Python Programmer (Entry-Level),Mathews Inc,"Robertborough, AP"
Warden/ranger,Riley-Johnson,"South Saratown, AP"
Warden/ranger,Riley-Johnson,"South Saratown, AP"
Warden/ranger,Riley-Johnson,"South Saratown, AP"
Sports therapist,Spencer and Sons,"Hullview, AA"
Sports therapist,Spencer and Sons,"Hullview, AA"
Sports therapist,Spencer and Sons,"Hullview, AA"
Arts development officer,Camacho-Sanchez,"Philipland, AP"
Arts development officer,Camacho-Sanchez,"Philipland, AP"
Arts development officer,Camacho-Sanchez,"Philipland, AP"
Printmaker,Oliver and Sons,"North Patty, AE"
Printmaker,Oliver and Sons,"North Patty, AE"
Printmaker,Oliver and Sons,"North Patty, AE"
Health and safety adviser,Eaton PLC,"North Stephen, AE"
Health and safety adviser,Eaton PLC,"North Stephen, AE"
Manufacturing systems engineer,Stanley-Frederick,"Stevensland, AP"
Manufacturing systems engineer,Stanley-Frederick,"Stevensland, AP"
"Programmer, applications",Bradley LLC,"Reyesstad, AE"
"Programmer, applications",Bradley LLC,"Reyesstad, AE"
"Programmer, applications",Bradley LLC,"Reyesstad, AE"
Medical physicist,"Parker, Goodwin and Zavala","Bellberg, AP"
Medical physicist,"Parker, Goodwin and Zavala","Bellberg, AP"
Media planner,Kim-Miles,"North Johnland, AE"
Media planner,Kim-Miles,"North Johnland, AE"
Media planner,Kim-Miles,"North Johnland, AE"
Media planner,Kim-Miles,"North Johnland, AE"
Software Developer (Python),Moreno-Rodriguez,"Martinezburgh, AE"
Software Developer (Python),Moreno-Rodriguez,"Martinezburgh, AE"
Software Developer (Python),Moreno-Rodriguez,"Martinezburgh, AE"
Software Developer (Python),Moreno-Rodriguez,"Martinezburgh, AE"
Software Developer (Python),Moreno-Rodriguez,"Martinezburgh, AE"
"Surveyor, land/geomatics",Brown-Ortiz,"Joshuatown, AE"
"Surveyor, land/geomatics",Brown-Ortiz,"Joshuatown, AE"
"Surveyor, land/geomatics",Brown-Ortiz,"Joshuatown, AE"
"Surveyor, land/geomatics",Brown-Ortiz,"Joshuatown, AE"
Legal executive,Hartman PLC,"West Ericstad, AA"
Legal executive,Hartman PLC,"West Ericstad, AA"
Legal executive,Hartman PLC,"West Ericstad, AA"
Legal executive,Hartman PLC,"West Ericstad, AA"
"Librarian, academic",Brooks Inc,"Tuckertown, AE"
"Librarian, academic",Brooks Inc,"Tuckertown, AE"
"Librarian, academic",Brooks Inc,"Tuckertown, AE"
Barrister,Washington-Castillo,"Perezton, AE"
Barrister,Washington-Castillo,"Perezton, AE"
Barrister,Washington-Castillo,"Perezton, AE"
Barrister,Washington-Castillo,"Perezton, AE"
Barrister,Washington-Castillo,"Perezton, AE"
Museum/gallery exhibitions officer,"Nguyen, Yoder and Petty","Lake Abigail, AE"
Museum/gallery exhibitions officer,"Nguyen, Yoder and Petty","Lake Abigail, AE"
Museum/gallery exhibitions officer,"Nguyen, Yoder and Petty","Lake Abigail, AE"
Museum/gallery exhibitions officer,"Nguyen, Yoder and Petty","Lake Abigail, AE"
Museum/gallery exhibitions officer,"Nguyen, Yoder and Petty","Lake Abigail, AE"
"Radiographer, diagnostic",Holder LLC,"Jacobshire, AP"
"Radiographer, diagnostic",Holder LLC,"Jacobshire, AP"
"Radiographer, diagnostic",Holder LLC,"Jacobshire, AP"
Database administrator,Yates-Ferguson,"Port Susan, AE"
Database administrator,Yates-Ferguson,"Port Susan, AE"
Furniture designer,Ortega-Lawrence,"North Tiffany, AA"
Ship broker,"Fuentes, Walls and Castro","Michelleville, AP"
Senior Python Developer,"Payne, Roberts and Davis","Stewartbury, AA"
Energy engineer,Vasquez-Davidson,"Christopherville, AA"
Energy engineer,Vasquez-Davidson,"Christopherville, AA"
Energy engineer,Vasquez-Davidson,"Christopherville, AA"
Energy engineer,Vasquez-Davidson,"Christopherville, AA"
Energy engineer,Vasquez-Davidson,"Christopherville, AA"
Legal executive,"Jackson, Chambers and Levy","Port Ericaburgh, AA"
Legal executive,"Jackson, Chambers and Levy","Port Ericaburgh, AA"
Legal executive,"Jackson, Chambers and Levy","Port Ericaburgh, AA"
Fitness centre manager,Savage-Bradley,"East Seanview, AP"
Fitness centre manager,Savage-Bradley,"East Seanview, AP"
Fitness centre manager,Savage-Bradley,"East Seanview, AP"
Fitness centre manager,Savage-Bradley,"East Seanview, AP"
Product manager,Ramirez Inc,"North Jamieview, AP"
Product manager,Ramirez Inc,"North Jamieview, AP"
Product manager,Ramirez Inc,"North Jamieview, AP"
Medical technical officer,Rogers-Yates,"Davidville, AP"
Medical technical officer,Rogers-Yates,"Davidville, AP"
Medical technical officer,Rogers-Yates,"Davidville, AP"
Medical technical officer,Rogers-Yates,"Davidville, AP"
Physiological scientist,Kramer-Klein,"South Christopher, AE"
Physiological scientist,Kramer-Klein,"South Christopher, AE"
Physiological scientist,Kramer-Klein,"South Christopher, AE"
Textile designer,Meyers-Johnson,"Port Jonathan, AE"
Textile designer,Meyers-Johnson,"Port Jonathan, AE"
Textile designer,Meyers-Johnson,"Port Jonathan, AE"
Textile designer,Meyers-Johnson,"Port Jonathan, AE"
Textile designer,Meyers-Johnson,"Port Jonathan, AE"
Television floor manager,Hughes-Williams,"Osbornetown, AE"
Television floor manager,Hughes-Williams,"Osbornetown, AE"
Waste management officer,"Jones, Williams and Villa","Scotttown, AP"
Waste management officer,"Jones, Williams and Villa","Scotttown, AP"
Waste management officer,"Jones, Williams and Villa","Scotttown, AP"
Software Engineer (Python),Garcia PLC,"Ericberg, AE"
Interpreter,Gregory and Sons,"Ramireztown, AE"
Interpreter,Gregory and Sons,"Ramireztown, AE"
Architect,"Clark, Garcia and Sosa","Figueroaview, AA"
Architect,"Clark, Garcia and Sosa","Figueroaview, AA"
Architect,"Clark, Garcia and Sosa","Figueroaview, AA"
Architect,"Clark, Garcia and Sosa","Figueroaview, AA"
Architect,"Clark, Garcia and Sosa","Figueroaview, AA"
Meteorologist,Bush PLC,"Kelseystad, AA"
Audiological scientist,Salazar-Meyers,"Williamsburgh, AE"
Audiological scientist,Salazar-Meyers,"Williamsburgh, AE"
Audiological scientist,Salazar-Meyers,"Williamsburgh, AE"
Audiological scientist,Salazar-Meyers,"Williamsburgh, AE"
Audiological scientist,Salazar-Meyers,"Williamsburgh, AE"
English as a second language teacher,"Parker, Murphy and Brooks","Mitchellburgh, AE"
English as a second language teacher,"Parker, Murphy and Brooks","Mitchellburgh, AE"
English as a second language teacher,"Parker, Murphy and Brooks","Mitchellburgh, AE"
Surgeon,Cruz-Brown,"West Jessicabury, AA"
Surgeon,Cruz-Brown,"West Jessicabury, AA"
Surgeon,Cruz-Brown,"West Jessicabury, AA"
Surgeon,Cruz-Brown,"West Jessicabury, AA"
Surgeon,Cruz-Brown,"West Jessicabury, AA"
Equities trader,Macdonald-Ferguson,"Maloneshire, AE"
Equities trader,Macdonald-Ferguson,"Maloneshire, AE"
Equities trader,Macdonald-Ferguson,"Maloneshire, AE"
Equities trader,Macdonald-Ferguson,"Maloneshire, AE"
Equities trader,Macdonald-Ferguson,"Maloneshire, AE"
Newspaper journalist,"Williams, Peterson and Rojas","Johnsonton, AA"
Newspaper journalist,"Williams, Peterson and Rojas","Johnsonton, AA"
Newspaper journalist,"Williams, Peterson and Rojas","Johnsonton, AA"
Materials engineer,Smith and Sons,"South Davidtown, AP"
Python Programmer (Entry-Level),"Moss, Duncan and Allen","Port Sara, AE"
Python Programmer (Entry-Level),"Moss, Duncan and Allen","Port Sara, AE"
Python Programmer (Entry-Level),"Moss, Duncan and Allen","Port Sara, AE"
Python Programmer (Entry-Level),"Moss, Duncan and Allen","Port Sara, AE"
Python Programmer (Entry-Level),"Moss, Duncan and Allen","Port Sara, AE"
Product/process development scientist,Gomez-Carroll,"Marktown, AA"
Product/process development scientist,Gomez-Carroll,"Marktown, AA"
Product/process development scientist,Gomez-Carroll,"Marktown, AA"
Product/process development scientist,Gomez-Carroll,"Marktown, AA"
Product/process development scientist,Gomez-Carroll,"Marktown, AA"
"Scientist, research (maths)","Manning, Welch and Herring","Laurenland, AE"
"Scientist, research (maths)","Manning, Welch and Herring","Laurenland, AE"
"Scientist, research (maths)","Manning, Welch and Herring","Laurenland, AE"
"Scientist, research (maths)","Manning, Welch and Herring","Laurenland, AE"
Ecologist,"Lee, Gutierrez and Brown","Lauraton, AP"
Ecologist,"Lee, Gutierrez and Brown","Lauraton, AP"
Materials engineer,"Davis, Serrano and Cook","South Tammyberg, AP"
Materials engineer,"Davis, Serrano and Cook","South Tammyberg, AP"
Materials engineer,"Davis, Serrano and Cook","South Tammyberg, AP"
Historic buildings inspector/conservation officer,Smith LLC,"North Brandonville, AP"
Historic buildings inspector/conservation officer,Smith LLC,"North Brandonville, AP"
Data scientist,Thomas Group,"Port Robertfurt, AA"
Psychiatrist,Silva-King,"Burnettbury, AE"
Structural engineer,Pierce-Long,"Herbertside, AA"
Structural engineer,Pierce-Long,"Herbertside, AA"
Structural engineer,Pierce-Long,"Herbertside, AA"
Structural engineer,Pierce-Long,"Herbertside, AA"
Immigration officer,Walker-Simpson,"Christopherport, AP"
Immigration officer,Walker-Simpson,"Christopherport, AP"
Immigration officer,Walker-Simpson,"Christopherport, AP"
Immigration officer,Walker-Simpson,"Christopherport, AP"
Python Programmer (Entry-Level),Cooper and Sons,"West Victor, AE"
Python Programmer (Entry-Level),Cooper and Sons,"West Victor, AE"
Python Programmer (Entry-Level),Cooper and Sons,"West Victor, AE"
Python Programmer (Entry-Level),Cooper and Sons,"West Victor, AE"
Python Programmer (Entry-Level),Cooper and Sons,"West Victor, AE"
Neurosurgeon,"Donovan, Gonzalez and Figueroa","Port Aaron, AP"
Broadcast engineer,"Morgan, Butler and Bennett","Loribury, AA"
Broadcast engineer,"Morgan, Butler and Bennett","Loribury, AA"
Broadcast engineer,"Morgan, Butler and Bennett","Loribury, AA"
Broadcast engineer,"Morgan, Butler and Bennett","Loribury, AA"
Broadcast engineer,"Morgan, Butler and Bennett","Loribury, AA"
Make,Snyder-Lee,"Angelastad, AP"
Make,Snyder-Lee,"Angelastad, AP"
"Nurse, adult",Harris PLC,"Larrytown, AE"
"Nurse, adult",Harris PLC,"Larrytown, AE"
"Nurse, adult",Harris PLC,"Larrytown, AE"
"Nurse, adult",Harris PLC,"Larrytown, AE"
Air broker,Washington PLC,"West Colin, AP"
Air broker,Washington PLC,"West Colin, AP"
Air broker,Washington PLC,"West Colin, AP"
Air broker,Washington PLC,"West Colin, AP"
Air broker,Washington PLC,"West Colin, AP"
"Editor, film/video","Brown, Price and Campbell","West Stephanie, AP"
"Editor, film/video","Brown, Price and Campbell","West Stephanie, AP"
"Editor, film/video","Brown, Price and Campbell","West Stephanie, AP"
"Editor, film/video","Brown, Price and Campbell","West Stephanie, AP"
"Production assistant, radio",Mcgee PLC,"Laurentown, AP"
"Production assistant, radio",Mcgee PLC,"Laurentown, AP"
"Engineer, communications",Dixon Inc,"Wrightberg, AP"
Sales executive,"Thompson, Sheppard and Ward","Alberttown, AE"
Sales executive,"Thompson, Sheppard and Ward","Alberttown, AE"
Sales executive,"Thompson, Sheppard and Ward","Alberttown, AE"
Sales executive,"Thompson, Sheppard and Ward","Alberttown, AE"
Sales executive,"Thompson, Sheppard and Ward","Alberttown, AE"
Software Developer (Python),Adams-Brewer,"Brockburgh, AE"
Futures trader,Schneider-Brady,"North Jason, AE"
Futures trader,Schneider-Brady,"North Jason, AE"
Futures trader,Schneider-Brady,"North Jason, AE"
Futures trader,Schneider-Brady,"North Jason, AE"
Futures trader,Schneider-Brady,"North Jason, AE"
Tour manager,Gonzales-Frank,"Arnoldhaven, AE"
Cytogeneticist,Smith-Wong,"Lake Destiny, AP"
Cytogeneticist,Smith-Wong,"Lake Destiny, AP"
Cytogeneticist,Smith-Wong,"Lake Destiny, AP"
Cytogeneticist,Smith-Wong,"Lake Destiny, AP"
"Designer, multimedia",Pierce-Herrera,"South Timothyburgh, AP"
"Designer, multimedia",Pierce-Herrera,"South Timothyburgh, AP"
"Designer, multimedia",Pierce-Herrera,"South Timothyburgh, AP"
"Designer, multimedia",Pierce-Herrera,"South Timothyburgh, AP"
Trade union research officer,"Aguilar, Rivera and Quinn","New Jimmyton, AE"
Trade union research officer,"Aguilar, Rivera and Quinn","New Jimmyton, AE"
Trade union research officer,"Aguilar, Rivera and Quinn","New Jimmyton, AE"
"Chemist, analytical","Lowe, Barnes and Thomas","New Lucasbury, AP"
"Chemist, analytical","Lowe, Barnes and Thomas","New Lucasbury, AP"
"Chemist, analytical","Lowe, Barnes and Thomas","New Lucasbury, AP"
"Programmer, multimedia","Lewis, Gonzalez and Vasquez","Port Cory, AE"
"Programmer, multimedia","Lewis, Gonzalez and Vasquez","Port Cory, AE"
"Programmer, multimedia","Lewis, Gonzalez and Vasquez","Port Cory, AE"
"Programmer, multimedia","Lewis, Gonzalez and Vasquez","Port Cory, AE"
"Engineer, broadcasting (operations)",Taylor PLC,"Gileston, AA"
"Engineer, broadcasting (operations)",Taylor PLC,"Gileston, AA"
"Teacher, primary school","Oliver, Jones and Ramirez","Cindyshire, AA"
"Teacher, primary school","Oliver, Jones and Ramirez","Cindyshire, AA"
"Teacher, primary school","Oliver, Jones and Ramirez","Cindyshire, AA"
"Teacher, primary school","Oliver, Jones and Ramirez","Cindyshire, AA"
"Teacher, primary school","Oliver, Jones and Ramirez","Cindyshire, AA"
Python Developer,Rivera and Sons,"East Michaelfort, AA"
Manufacturing systems engineer,Garcia PLC,"Joybury, AE"
Manufacturing systems engineer,Garcia PLC,"Joybury, AE"
Manufacturing systems engineer,Garcia PLC,"Joybury, AE"
Manufacturing systems engineer,Garcia PLC,"Joybury, AE"
"Producer, television/film/video","Johnson, Wells and Kramer","Emmatown, AE"
"Scientist, forensic",Gonzalez LLC,"Colehaven, AP"
"Scientist, forensic",Gonzalez LLC,"Colehaven, AP"
"Scientist, forensic",Gonzalez LLC,"Colehaven, AP"
Bonds trader,"Morgan, White and Macdonald","Port Coryton, AE"
Bonds trader,"Morgan, White and Macdonald","Port Coryton, AE"
Bonds trader,"Morgan, White and Macdonald","Port Coryton, AE"
Bonds trader,"Morgan, White and Macdonald","Port Coryton, AE"
Bonds trader,"Morgan, White and Macdonald","Port Coryton, AE"
Editorial assistant,Robinson-Fitzpatrick,"Amyborough, AA"
Editorial assistant,Robinson-Fitzpatrick,"Amyborough, AA"
Editorial assistant,Robinson-Fitzpatrick,"Amyborough, AA"
Editorial assistant,Robinson-Fitzpatrick,"Amyborough, AA"
Editorial assistant,Robinson-Fitzpatrick,"Amyborough, AA"
Photographer,"Waters, Wilson and Hoover","Reynoldsville, AA"
Retail banker,Hill LLC,"Port Billy, AP"
Retail banker,Hill LLC,"Port Billy, AP"
Jewellery designer,Li-Gregory,"Adamburgh, AA"
Jewellery designer,Li-Gregory,"Adamburgh, AA"
Ophthalmologist,"Fisher, Ryan and Coleman","Wilsonmouth, AA"
"Back-End Web Developer (Python, Django)",Stewart-Alexander,"South Kimberly, AA"
"Back-End Web Developer (Python, Django)",Stewart-Alexander,"South Kimberly, AA"
"Back-End Web Developer (Python, Django)",Stewart-Alexander,"South Kimberly, AA"
Licensed conveyancer,Abbott and Sons,"Benjaminland, AP"
Licensed conveyancer,Abbott and Sons,"Benjaminland, AP"
Futures trader,"Bryant, Santana and Davenport","Zacharyport, AA"
Futures trader,"Bryant, Santana and Davenport","Zacharyport, AA"
Futures trader,"Bryant, Santana and Davenport","Zacharyport, AA"
Counselling psychologist,Smith PLC,"Port Devonville, AE"
Counselling psychologist,Smith PLC,"Port Devonville, AE"
Counselling psychologist,Smith PLC,"Port Devonville, AE"
Insurance underwriter,Patterson-Singh,"East Thomas, AE"
Insurance underwriter,Patterson-Singh,"East Thomas, AE"
Insurance underwriter,Patterson-Singh,"East Thomas, AE"
"Engineer, automotive",Martinez-Berry,"New Jeffrey, AP"
"Engineer, automotive",Martinez-Berry,"New Jeffrey, AP"
"Engineer, automotive",Martinez-Berry,"New Jeffrey, AP"
"Engineer, automotive",Martinez-Berry,"New Jeffrey, AP"
"Producer, radio","May, Taylor and Fisher","Davidside, AA"
"Producer, radio","May, Taylor and Fisher","Davidside, AA"
"Producer, radio","May, Taylor and Fisher","Davidside, AA"
Dispensing optician,"Bailey, Owen and Thompson","Jamesville, AA"
"Designer, fashion/clothing",Vasquez Ltd,"New Kelly, AP"
"Designer, fashion/clothing",Vasquez Ltd,"New Kelly, AP"
Chartered loss adjuster,Leblanc LLC,"Lake Antonio, AA"
Chartered loss adjuster,Leblanc LLC,"Lake Antonio, AA"
Chartered loss adjuster,Leblanc LLC,"Lake Antonio, AA"
Chartered loss adjuster,Leblanc LLC,"Lake Antonio, AA"
"Back-End Web Developer (Python, Django)","Jackson, Ali and Mckee","New Elizabethside, AA"
"Back-End Web Developer (Python, Django)","Jackson, Ali and Mckee","New Elizabethside, AA"
"Back-End Web Developer (Python, Django)","Jackson, Ali and Mckee","New Elizabethside, AA"
Forest/woodland manager,"Blankenship, Knight and Powell","Millsbury, AE"
Forest/woodland manager,"Blankenship, Knight and Powell","Millsbury, AE"
Clinical cytogeneticist,"Patton, Haynes and Jones","Lloydton, AP"
Clinical cytogeneticist,"Patton, Haynes and Jones","Lloydton, AP"
Clinical cytogeneticist,"Patton, Haynes and Jones","Lloydton, AP"
Clinical cytogeneticist,"Patton, Haynes and Jones","Lloydton, AP"
Clinical cytogeneticist,"Patton, Haynes and Jones","Lloydton, AP"
Print production planner,Wood Inc,"Port Jeremy, AA"
Print production planner,Wood Inc,"Port Jeremy, AA"
Systems developer,Collins Group,"New Elizabethtown, AA"
Systems developer,Collins Group,"New Elizabethtown, AA"
Systems developer,Collins Group,"New Elizabethtown, AA"
Systems developer,Collins Group,"New Elizabethtown, AA"
Systems developer,Collins Group,"New Elizabethtown, AA"
Graphic designer,Flores-Nelson,"Charlesstad, AE"
Graphic designer,Flores-Nelson,"Charlesstad, AE"
Writer,"Mitchell, Jones and Olson","Josephbury, AE"
Field seismologist,Howard Group,"Seanfurt, AA"
Field seismologist,Howard Group,"Seanfurt, AA"
Chief Strategy Officer,Kramer-Edwards,"Williambury, AA"
Chief Strategy Officer,Kramer-Edwards,"Williambury, AA"
Chief Strategy Officer,Kramer-Edwards,"Williambury, AA"
Chief Strategy Officer,Kramer-Edwards,"Williambury, AA"
Air cabin crew,Berry-Houston,"South Jorgeside, AP"
Air cabin crew,Berry-Houston,"South Jorgeside, AP"
Python Programmer (Entry-Level),Mathews Inc,"Robertborough, AP"
Python Programmer (Entry-Level),Mathews Inc,"Robertborough, AP"
Python Programmer (Entry-Level),Mathews Inc,"Robertborough, AP"
Python Programmer (Entry-Level),Mathews Inc,"Robertborough, AP"
Warden/ranger,Riley-Johnson,"South Saratown, AP"
Warden/ranger,Riley-Johnson,"South Saratown, AP"
Warden/ranger,Riley-Johnson,"South Saratown, AP"
Sports therapist,Spencer and Sons,"Hullview, AA"
Sports therapist,Spencer and Sons,"Hullview, AA"
Sports therapist,Spencer and Sons,"Hullview, AA"
Sports therapist,Spencer and Sons,"Hullview, AA"
Arts development officer,Camacho-Sanchez,"Philipland, AP"
Arts development officer,Camacho-Sanchez,"Philipland, AP"
Printmaker,Oliver and Sons,"North Patty, AE"
Printmaker,Oliver and Sons,"North Patty, AE"
Printmaker,Oliver and Sons,"North Patty, AE"
Printmaker,Oliver and Sons,"North Patty, AE"
Printmaker,Oliver and Sons,"North Patty, AE"
Health and safety adviser,Eaton PLC,"North Stephen, AE"
Manufacturing systems engineer,Stanley-Frederick,"Stevensland, AP"
"Programmer, applications",Bradley LLC,"Reyesstad, AE"
Medical physicist,"Parker, Goodwin and Zavala","Bellberg, AP"
Medical physicist,"Parker, Goodwin and Zavala","Bellberg, AP"
Media planner,Kim-Miles,"North Johnland, AE"
Media planner,Kim-Miles,"North Johnland, AE"
Media planner,Kim-Miles,"North Johnland, AE"
Software Developer (Python),Moreno-Rodriguez,"Martinezburgh, AE"
Software Developer (Python),Moreno-Rodriguez,"Martinezburgh, AE"
Software Developer (Python),Moreno-Rodriguez,"Martinezburgh, AE"
"Surveyor, land/geomatics",Brown-Ortiz,"Joshuatown, AE"
"Surveyor, land/geomatics",Brown-Ortiz,"Joshuatown, AE"
"Surveyor, land/geomatics",Brown-Ortiz,"Joshuatown, AE"
"Surveyor, land/geomatics",Brown-Ortiz,"Joshuatown, AE"
Legal executive,Hartman PLC,"West Ericstad, AA"
Legal executive,Hartman PLC,"West Ericstad, AA"
Legal executive,Hartman PLC,"West Ericstad, AA"
Legal executive,Hartman PLC,"West Ericstad, AA"
Legal executive,Hartman PLC,"West Ericstad, AA"
"Librarian, academic",Brooks Inc,"Tuckertown, AE"
Barrister,Washington-Castillo,"Perezton, AE"
Barrister,Washington-Castillo,"Perezton, AE"
Museum/gallery exhibitions officer,"Nguyen, Yoder and Petty","Lake Abigail, AE"
Museum/gallery exhibitions officer,"Nguyen, Yoder and Petty","Lake Abigail, AE"
"Radiographer, diagnostic",Holder LLC,"Jacobshire, AP"
"Radiographer, diagnostic",Holder LLC,"Jacobshire, AP"
Database administrator,Yates-Ferguson,"Port Susan, AE"
Database administrator,Yates-Ferguson,"Port Susan, AE"
Furniture designer,Ortega-Lawrence,"North Tiffany, AA"
Furniture designer,Ortega-Lawrence,"North Tiffany, AA"
Furniture designer,Ortega-Lawrence,"North Tiffany, AA"
Furniture designer,Ortega-Lawrence,"North Tiffany, AA"
Ship broker,"Fuentes, Walls and Castro","Michelleville, AP"
Ship broker,"Fuentes, Walls and Castro","Michelleville, AP"
Ship broker,"Fuentes, Walls and Castro","Michelleville, AP"
Ship broker,"Fuentes, Walls and Castro","Michelleville, AP"
Senior Python Developer,"Payne, Roberts and Davis","Stewartbury, AA"
Senior Python Developer,"Payne, Roberts and Davis","Stewartbury, AA"
Senior Python Developer,"Payne, Roberts and Davis","Stewartbury, AA"
Senior Python Developer,"Payne, Roberts and Davis","Stewartbury, AA"
Energy engineer,Vasquez-Davidson,"Christopherville, AA"
Energy engineer,Vasquez-Davidson,"Christopherville, AA"
Energy engineer,Vasquez-Davidson,"Christopherville, AA"
Energy engineer,Vasquez-Davidson,"Christopherville, AA"
Legal executive,"Jackson, Chambers and Levy","Port Ericaburgh, AA"
Legal executive,"Jackson, Chambers and Levy","Port Ericaburgh, AA"
Fitness centre manager,Savage-Bradley,"East Seanview, AP"
Fitness centre manager,Savage-Bradley,"East Seanview, AP"
Fitness centre manager,Savage-Bradley,"East Seanview, AP"
Product manager,Ramirez Inc,"North Jamieview, AP"
Product manager,Ramirez Inc,"North Jamieview, AP"
Product manager,Ramirez Inc,"North Jamieview, AP"
Product manager,Ramirez Inc,"North Jamieview, AP"
Product manager,Ramirez Inc,"North Jamieview, AP"
Medical technical officer,Rogers-Yates,"Davidville, AP"
Medical technical officer,Rogers-Yates,"Davidville, AP"
Medical technical officer,Rogers-Yates,"Davidville, AP"
Physiological scientist,Kramer-Klein,"South Christopher, AE"
Physiological scientist,Kramer-Klein,"South Christopher, AE"
Physiological scientist,Kramer-Klein,"South Christopher, AE"
Physiological scientist,Kramer-Klein,"South Christopher, AE"
Physiological scientist,Kramer-Klein,"South Christopher, AE"
Textile designer,Meyers-Johnson,"Port Jonathan, AE"
Textile designer,Meyers-Johnson,"Port Jonathan, AE"
Television floor manager,Hughes-Williams,"Osbornetown, AE"
Television floor manager,Hughes-Williams,"Osbornetown, AE"
Television floor manager,Hughes-Williams,"Osbornetown, AE"
Television floor manager,Hughes-Williams,"Osbornetown, AE"
Waste management officer,"Jones, Williams and Villa","Scotttown, AP"
Waste management officer,"Jones, Williams and Villa","Scotttown, AP"
Waste management officer,"Jones, Williams and Villa","Scotttown, AP"
Waste management officer,"Jones, Williams and Villa","Scotttown, AP"
Software Engineer (Python),Garcia PLC,"Ericberg, AE"
Interpreter,Gregory and Sons,"Ramireztown, AE"
Interpreter,Gregory and Sons,"Ramireztown, AE"
Interpreter,Gregory and Sons,"Ramireztown, AE"
Architect,"Clark, Garcia and Sosa","Figueroaview, AA"
Architect,"Clark, Garcia and Sosa","Figueroaview, AA"
Meteorologist,Bush PLC,"Kelseystad, AA"
Meteorologist,Bush PLC,"Kelseystad, AA"
Meteorologist,Bush PLC,"Kelseystad, AA"
Meteorologist,Bush PLC,"Kelseystad, AA"
Audiological scientist,Salazar-Meyers,"Williamsburgh, AE"
English as a second language teacher,"Parker, Murphy and Brooks","Mitchellburgh, AE"
English as a second language teacher,"Parker, Murphy and Brooks","Mitchellburgh, AE"
English as a second language teacher,"Parker, Murphy and Brooks","Mitchellburgh, AE"
English as a second language teacher,"Parker, Murphy and Brooks","Mitchellburgh, AE"
Surgeon,Cruz-Brown,"West Jessicabury, AA"
Surgeon,Cruz-Brown,"West Jessicabury, AA"
Equities trader,Macdonald-Ferguson,"Maloneshire, AE"
Equities trader,Macdonald-Ferguson,"Maloneshire, AE"
Equities trader,Macdonald-Ferguson,"Maloneshire, AE"
Newspaper journalist,"Williams, Peterson and Rojas","Johnsonton, AA"
Newspaper journalist,"Williams, Peterson and Rojas","Johnsonton, AA"
Materials engineer,Smith and Sons,"South Davidtown, AP"
Materials engineer,Smith and Sons,"South Davidtown, AP"
Python Programmer (Entry-Level),"Moss, Duncan and Allen","Port Sara, AE"
Python Programmer (Entry-Level),"Moss, Duncan and Allen","Port Sara, AE"
Product/process development scientist,Gomez-Carroll,"Marktown, AA"
Product/process development scientist,Gomez-Carroll,"Marktown, AA"
Product/process development scientist,Gomez-Carroll,"Marktown, AA"
"Scientist, research (maths)","Manning, Welch and Herring","Laurenland, AE"
"Scientist, research (maths)","Manning, Welch and Herring","Laurenland, AE"
"Scientist, research (maths)","Manning, Welch and Herring","Laurenland, AE"
"Scientist, research (maths)","Manning, Welch and Herring","Laurenland, AE"
Ecologist,"Lee, Gutierrez and Brown","Lauraton, AP"
Ecologist,"Lee, Gutierrez and Brown","Lauraton, AP"
Ecologist,"Lee, Gutierrez and Brown","Lauraton, AP"
Materials engineer,"Davis, Serrano and Cook","South Tammyberg, AP"
Materials engineer,"Davis, Serrano and Cook","South Tammyberg, AP"
Materials engineer,"Davis, Serrano and Cook","South Tammyberg, AP"
Historic buildings inspector/conservation officer,Smith LLC,"North Brandonville, AP"
Data scientist,Thomas Group,"Port Robertfurt, AA"
Psychiatrist,Silva-King,"Burnettbury, AE"
Psychiatrist,Silva-King,"Burnettbury, AE"
Psychiatrist,Silva-King,"Burnettbury, AE"
Psychiatrist,Silva-King,"Burnettbury, AE"
Structural engineer,Pierce-Long,"Herbertside, AA"
Immigration officer,Walker-Simpson,"Christopherport, AP"
Immigration officer,Walker-Simpson,"Christopherport, AP"
Immigration officer,Walker-Simpson,"Christopherport, AP"
Python Programmer (Entry-Level),Cooper and Sons,"West Victor, AE"
Neurosurgeon,"Donovan, Gonzalez and Figueroa","Port Aaron, AP"
Neurosurgeon,"Donovan, Gonzalez and Figueroa","Port Aaron, AP"
Broadcast engineer,"Morgan, Butler and Bennett","Loribury, AA"
Broadcast engineer,"Morgan, Butler and Bennett","Loribury, AA"
Broadcast engineer,"Morgan, Butler and Bennett","Loribury, AA"
Make,Snyder-Lee,"Angelastad, AP"
Make,Snyder-Lee,"Angelastad, AP"
Make,Snyder-Lee,"Angelastad, AP"
Make,Snyder-Lee,"Angelastad, AP"
"Nurse, adult",Harris PLC,"Larrytown, AE"
"Nurse, adult",Harris PLC,"Larrytown, AE"
"Nurse, adult",Harris PLC,"Larrytown, AE"
"Nurse, adult",Harris PLC,"Larrytown, AE"
Air broker,Washington PLC,"West Colin, AP"
Air broker,Washington PLC,"West Colin, AP"
Air broker,Washington PLC,"West Colin, AP"
Air broker,Washington PLC,"West Colin, AP"
"Editor, film/video","Brown, Price and Campbell","West Stephanie, AP"
"Editor, film/video","Brown, Price and Campbell","West Stephanie, AP"
"Editor, film/video","Brown, Price and Campbell","West Stephanie, AP"
"Production assistant, radio",Mcgee PLC,"Laurentown, AP"
"Production assistant, radio",Mcgee PLC,"Laurentown, AP"
"Engineer, communications",Dixon Inc,"Wrightberg, AP"
Sales executive,"Thompson, Sheppard and Ward","Alberttown, AE"
Sales executive,"Thompson, Sheppard and Ward","Alberttown, AE"
Sales executive,"Thompson, Sheppard and Ward","Alberttown, AE"
Software Developer (Python),Adams-Brewer,"Brockburgh, AE"
Software Developer (Python),Adams-Brewer,"Brockburgh, AE"
Futures trader,Schneider-Brady,"North Jason, AE"
Tour manager,Gonzales-Frank,"Arnoldhaven, AE"
Tour manager,Gonzales-Frank,"Arnoldhaven, AE"
Tour manager,Gonzales-Frank,"Arnoldhaven, AE"
Tour manager,Gonzales-Frank,"Arnoldhaven, AE"
Tour manager,Gonzales-Frank,"Arnoldhaven, AE"
Cytogeneticist,Smith-Wong,"Lake Destiny, AP"
"Designer, multimedia",Pierce-Herrera,"South Timothyburgh, AP"
Trade union research officer,"Aguilar, Rivera and Quinn","New Jimmyton, AE"
Trade union research officer,"Aguilar, Rivera and Quinn","New Jimmyton, AE"
Trade union research officer,"Aguilar, Rivera and Quinn","New Jimmyton, AE"
Trade union research officer,"Aguilar, Rivera and Quinn","New Jimmyton, AE"
"Chemist, analytical","Lowe, Barnes and Thomas","New Lucasbury, AP"
"Chemist, analytical","Lowe, Barnes and Thomas","New Lucasbury, AP"
"Chemist, analytical","Lowe, Barnes and Thomas","New Lucasbury, AP"
"Chemist, analytical","Lowe, Barnes and Thomas","New Lucasbury, AP"
"Programmer, multimedia","Lewis, Gonzalez and Vasquez","Port Cory, AE"
"Programmer, multimedia","Lewis, Gonzalez and Vasquez","Port Cory, AE"
"Programmer, multimedia","Lewis, Gonzalez and Vasquez","Port Cory, AE"
"Programmer, multimedia","Lewis, Gonzalez and Vasquez","Port Cory, AE"
"Programmer, multimedia","Lewis, Gonzalez and Vasquez","Port Cory, AE"
"Engineer, broadcasting (operations)",Taylor PLC,"Gileston, AA"
"Engineer, broadcasting (operations)",Taylor PLC,"Gileston, AA"
"Engineer, broadcasting (operations)",Taylor PLC,"Gileston, AA"
"Teacher, primary school","Oliver, Jones and Ramirez","Cindyshire, AA"
"Teacher, primary school","Oliver, Jones and Ramirez","Cindyshire, AA"
"Teacher, primary school","Oliver, Jones and Ramirez","Cindyshire, AA"
"Teacher, primary school","Oliver, Jones and Ramirez","Cindyshire, AA"
Python Developer,Rivera and Sons,"East Michaelfort, AA"
Python Developer,Rivera and Sons,"East Michaelfort, AA"
Python Developer,Rivera and Sons,"East Michaelfort, AA"
Manufacturing systems engineer,Garcia PLC,"Joybury, AE"
Manufacturing systems engineer,Garcia PLC,"Joybury, AE"
"Producer, television/film/video","Johnson, Wells and Kramer","Emmatown, AE"
"Producer, television/film/video","Johnson, Wells and Kramer","Emmatown, AE"
"Producer, television/film/video","Johnson, Wells and Kramer","Emmatown, AE"
"Producer, television/film/video","Johnson, Wells and Kramer","Emmatown, AE"
"Scientist, forensic",Gonzalez LLC,"Colehaven, AP"
"Scientist, forensic",Gonzalez LLC,"Colehaven, AP"
"Scientist, forensic",Gonzalez LLC,"Colehaven, AP"
"Scientist, forensic",Gonzalez LLC,"Colehaven, AP"
Bonds trader,"Morgan, White and Macdonald","Port Coryton, AE"
Bonds trader,"Morgan, White and Macdonald","Port Coryton, AE"
Bonds trader,"Morgan, White and Macdonald","Port Coryton, AE"
Bonds trader,"Morgan, White and Macdonald","Port Coryton, AE"
Bonds trader,"Morgan, White and Macdonald","Port Coryton, AE"
Editorial assistant,Robinson-Fitzpatrick,"Amyborough, AA"
Editorial assistant,Robinson-Fitzpatrick,"Amyborough, AA"
Editorial assistant,Robinson-Fitzpatrick,"Amyborough, AA"
Photographer,"Waters, Wilson and Hoover","Reynoldsville, AA"
Photographer,"Waters, Wilson and Hoover","Reynoldsville, AA"
Photographer,"Waters, Wilson and Hoover","Reynoldsville, AA"
Photographer,"Waters, Wilson and Hoover","Reynoldsville, AA"
Photographer,"Waters, Wilson and Hoover","Reynoldsville, AA"
Retail banker,Hill LLC,"Port Billy, AP"
Retail banker,Hill LLC,"Port Billy, AP"
Retail banker,Hill LLC,"Port Billy, AP"
Retail banker,Hill LLC,"Port Billy, AP"
Jewellery designer,Li-Gregory,"Adamburgh, AA"
Jewellery designer,Li-Gregory,"Adamburgh, AA"
Jewellery designer,Li-Gregory,"Adamburgh, AA"
Jewellery designer,Li-Gregory,"Adamburgh, AA"
Ophthalmologist,"Fisher, Ryan and Coleman","Wilsonmouth, AA"
"Back-End Web Developer (Python, Django)",Stewart-Alexander,"South Kimberly, AA"
"Back-End Web Developer (Python, Django)",Stewart-Alexander,"South Kimberly, AA"
"Back-End Web Developer (Python, Django)",Stewart-Alexander,"South Kimberly, AA"
"Back-End Web Developer (Python, Django)",Stewart-Alexander,"South Kimberly, AA"
Licensed conveyancer,Abbott and Sons,"Benjaminland, AP"
Licensed conveyancer,Abbott and Sons,"Benjaminland, AP"
Licensed conveyancer,Abbott and Sons,"Benjaminland, AP"
Futures trader,"Bryant, Santana and Davenport","Zacharyport, AA"
Futures trader,"Bryant, Santana and Davenport","Zacharyport, AA"
Futures trader,"Bryant, Santana and Davenport","Zacharyport, AA"
Futures trader,"Bryant, Santana and Davenport","Zacharyport, AA"
Counselling psychologist,Smith PLC,"Port Devonville, AE"
Counselling psychologist,Smith PLC,"Port Devonville, AE"
Counselling psychologist,Smith PLC,"Port Devonville, AE"
Insurance underwriter,Patterson-Singh,"East Thomas, AE"
Insurance underwriter,Patterson-Singh,"East Thomas, AE"
Insurance underwriter,Patterson-Singh,"East Thomas, AE"
Insurance underwriter,Patterson-Singh,"East Thomas, AE"
"Engineer, automotive",Martinez-Berry,"New Jeffrey, AP"
"Engineer, automotive",Martinez-Berry,"New Jeffrey, AP"
"Engineer, automotive",Martinez-Berry,"New Jeffrey, AP"
"Engineer, automotive",Martinez-Berry,"New Jeffrey, AP"
"Engineer, automotive",Martinez-Berry,"New Jeffrey, AP"
"Producer, radio","May, Taylor and Fisher","Davidside, AA"
"Producer, radio","May, Taylor and Fisher","Davidside, AA"
"Producer, radio","May, Taylor and Fisher","Davidside, AA"
Dispensing optician,"Bailey, Owen and Thompson","Jamesville, AA"
"Designer, fashion/clothing",Vasquez Ltd,"New Kelly, AP"
Chartered loss adjuster,Leblanc LLC,"Lake Antonio, AA"
Chartered loss adjuster,Leblanc LLC,"Lake Antonio, AA"
Chartered loss adjuster,Leblanc LLC,"Lake Antonio, AA"
Chartered loss adjuster,Leblanc LLC,"Lake Antonio, AA"
"Back-End Web Developer (Python, Django)","Jackson, Ali and Mckee","New Elizabethside, AA"
"Back-End Web Developer (Python, Django)","Jackson, Ali and Mckee","New Elizabethside, AA"
"Back-End Web Developer (Python, Django)","Jackson, Ali and Mckee","New Elizabethside, AA"
"Back-End Web Developer (Python, Django)","Jackson, Ali and Mckee","New Elizabethside, AA"
Forest/woodland manager,"Blankenship, Knight and Powell","Millsbury, AE"
Forest/woodland manager,"Blankenship, Knight and Powell","Millsbury, AE"
Forest/woodland manager,"Blankenship, Knight and Powell","Millsbury, AE"
Forest/woodland manager,"Blankenship, Knight and Powell","Millsbury, AE"
Clinical cytogeneticist,"Patton, Haynes and Jones","Lloydton, AP"
Clinical cytogeneticist,"Patton, Haynes and Jones","Lloydton, AP"
Print production planner,Wood Inc,"Port Jeremy, AA"
Print production planner,Wood Inc,"Port Jeremy, AA"
Print production planner,Wood Inc,"Port Jeremy, AA"
Print production planner,Wood Inc,"Port Jeremy, AA"
Print production planner,Wood Inc,"Port Jeremy, AA"
Systems developer,Collins Group,"New Elizabethtown, AA"
Systems developer,Collins Group,"New Elizabethtown, AA"
Systems developer,Collins Group,"New Elizabethtown, AA"
Systems developer,Collins Group,"New Elizabethtown, AA"
Graphic designer,Flores-Nelson,"Charlesstad, AE"
Graphic designer,Flores-Nelson,"Charlesstad, AE"
Graphic designer,Flores-Nelson,"Charlesstad, AE"
Graphic designer,Flores-Nelson,"Charlesstad, AE"
Writer,"Mitchell, Jones and Olson","Josephbury, AE"
Writer,"Mitchell, Jones and Olson","Josephbury, AE"
Field seismologist,Howard Group,"Seanfurt, AA"
Field seismologist,Howard Group,"Seanfurt, AA"
Field seismologist,Howard Group,"Seanfurt, AA"
Field seismologist,Howard Group,"Seanfurt, AA"
Chief Strategy Officer,Kramer-Edwards,"Williambury, AA"
Chief Strategy Officer,Kramer-Edwards,"Williambury, AA"
Air cabin crew,Berry-Houston,"South Jorgeside, AP"
Air cabin crew,Berry-Houston,"South Jorgeside, AP"
Air cabin crew,Berry-Houston,"South Jorgeside, AP"
Air cabin crew,Berry-Houston,"South Jorgeside, AP"
Air cabin crew,Berry-Houston,"South Jorgeside, AP"
Python Programmer (Entry-Level),Mathews Inc,"Robertborough, AP"
Python Programmer (Entry-Level),Mathews Inc,"Robertborough, AP"
Python Programmer (Entry-Level),Mathews Inc,"Robertborough, AP"
Python Programmer (Entry-Level),Mathews Inc,"Robertborough, AP"
Warden/ranger,Riley-Johnson,"South Saratown, AP"
Sports therapist,Spencer and Sons,"Hullview, AA"
Arts development officer,Camacho-Sanchez,"Philipland, AP"
Printmaker,Oliver and Sons,"North Patty, AE"
Health and safety adviser,Eaton PLC,"North Stephen, AE"
Health and safety adviser,Eaton PLC,"North Stephen, AE"
Health and safety adviser,Eaton PLC,"North Stephen, AE"
Health and safety adviser,Eaton PLC,"North Stephen, AE"
Manufacturing systems engineer,Stanley-Frederick,"Stevensland, AP"
Manufacturing systems engineer,Stanley-Frederick,"Stevensland, AP"
"Programmer, applications",Bradley LLC,"Reyesstad, AE"
"Programmer, applications",Bradley LLC,"Reyesstad, AE"
"Programmer, applications",Bradley LLC,"Reyesstad, AE"
"Programmer, applications",Bradley LLC,"Reyesstad, AE"
Medical physicist,"Parker, Goodwin and Zavala","Bellberg, AP"
Medical physicist,"Parker, Goodwin and Zavala","Bellberg, AP"
Medical physicist,"Parker, Goodwin and Zavala","Bellberg, AP"
Media planner,Kim-Miles,"North Johnland, AE"
Software Developer (Python),Moreno-Rodriguez,"Martinezburgh, AE"
Software Developer (Python),Moreno-Rodriguez,"Martinezburgh, AE"
Software Developer (Python),Moreno-Rodriguez,"Martinezburgh, AE"
Software Developer (Python),Moreno-Rodriguez,"Martinezburgh, AE"
"Surveyor, land/geomatics",Brown-Ortiz,"Joshuatown, AE"
Legal executive,Hartman PLC,"West Ericstad, AA"
Legal executive,Hartman PLC,"West Ericstad, AA"
Legal executive,Hartman PLC,"West Ericstad, AA"
Legal executive,Hartman PLC,"West Ericstad, AA"
"Librarian, academic",Brooks Inc,"Tuckertown, AE"
"Librarian, academic",Brooks Inc,"Tuckertown, AE"
"Librarian, academic",Brooks Inc,"Tuckertown, AE"
"Librarian, academic",Brooks Inc,"Tuckertown, AE"
"Librarian, academic",Brooks Inc,"Tuckertown, AE"
Barrister,Washington-Castillo,"Perezton, AE"
Barrister,Washington-Castillo,"Perezton, AE"
Barrister,Washington-Castillo,"Perezton, AE"
Museum/gallery exhibitions officer,"Nguyen, Yoder and Petty","Lake Abigail, AE"
"Radiographer, diagnostic",Holder LLC,"Jacobshire, AP"
"Radiographer, diagnostic",Holder LLC,"Jacobshire, AP"
"Radiographer, diagnostic",Holder LLC,"Jacobshire, AP"
"Radiographer, diagnostic",Holder LLC,"Jacobshire, AP"
Database administrator,Yates-Ferguson,"Port Susan, AE"
Database administrator,Yates-Ferguson,"Port Susan, AE"
Furniture designer,Ortega-Lawrence,"North Tiffany, AA"
Furniture designer,Ortega-Lawrence,"North Tiffany, AA"
Furniture designer,Ortega-Lawrence,"North Tiffany, AA"
Furniture designer,Ortega-Lawrence,"North Tiffany, AA"
Ship broker,"Fuentes, Walls and Castro","Michelleville, AP"
Ship broker,"Fuentes, Walls and Castro","Michelleville, AP"
